pick_date,code,name,契約,有個股期,狀態,升格,d_big400_prev,d_big400,d_big1000,d_retail,融資增減%,券資比
2026-09-18,0051,元大中型100,,False,回頭車,,-1.7599999999999998,2.620000000000001,0.0,-2.6099999999999994,0.0,0.0
2026-09-18,0053,元大電子,,False,續賣,中大戶升格,-3.740000000000002,-1.9400000000000048,2.759999999999998,1.9099999999999966,0.0,0.0
2026-09-18,0055,元大MSCI金融,,False,續賣,,-1.5399999999999991,-1.8299999999999983,-2.520000000000003,1.8099999999999952,0.0,3.35195530726257
2026-09-18,1597,直得,,False,下車,中大戶升格,1.1399999999999935,-1.3899999999999935,0.17999999999999972,1.4100000000000037,0.0,0.44407438245906194
2026-09-18,1776,展宇,,False,下車,,1.0499999999999972,-1.0499999999999972,0.0,1.0200000000000031,0.0,0.15527950310559005
2026-09-18,1815,富喬,,False,下車,,1.4200000000000017,-5.590000000000003,-5.270000000000003,5.589999999999996,,
2026-09-18,2221,大甲,,False,回頭車,中大戶升格,-1.6599999999999966,2.2800000000000153,2.690000000000012,-2.2200000000000024,,
2026-09-18,2305,全友,,False,續買,,1.8499999999999943,2.4200000000000017,1.4699999999999989,-2.4299999999999926,0.0,7.141168124852211
2026-09-18,2344,華邦電,FZF,True,下車,,1.730000000000004,-2.1599999999999966,-2.0799999999999983,2.119999999999994,0.0,3.192199378164119
2026-09-18,2399,映泰,,False,回頭車,,-1.8100000000000023,2.8999999999999986,0.010000000000001563,-2.9099999999999966,0.0,2.5011125945705386
2026-09-18,2409,友達,CHF,True,下車,,4.549999999999997,-1.6899999999999977,-1.6899999999999977,1.6900000000000048,0.0,2.6672303390178915
2026-09-18,2413,環科,,False,續賣,,-1.2800000000000011,-1.2399999999999949,-0.11999999999999744,1.240000000000002,0.0,2.6405130139569972
2026-09-18,2464,盟立,,False,續賣,,-4.880000000000003,-2.5799999999999983,-2.8999999999999986,2.5899999999999963,0.0,1.1509888040179974
2026-09-18,2481,強茂,GYF,True,回頭車,,-6.030000000000001,1.3700000000000045,0.6499999999999986,-1.3599999999999994,0.0,10.27792343995805
2026-09-18,2486,一詮,,False,續賣,,-1.519999999999996,-1.0600000000000023,-1.5499999999999972,1.0799999999999983,0.0,1.1469966797464533
2026-09-18,2492,華新科,HBF,True,下車,,3.530000000000001,-2.8999999999999986,-3.3900000000000006,2.8800000000000026,0.0,2.8787469619227655
2026-09-18,2938,床的世界,,False,續賣,,-1.5,-9.11,-8.86,9.120000000000001,,
2026-09-18,3006,晶豪科,IIF,True,下車,,2.289999999999992,-4.069999999999993,-3.219999999999999,4.100000000000001,0.0,2.662337662337662
2026-09-18,3016,嘉晶,,False,下車,,1.269999999999996,-1.5200000000000102,-1.6300000000000097,1.5500000000000007,0.0,7.642848477496058
2026-09-18,3094,聯傑,,False,續買,,4.099999999999998,2.0100000000000016,-0.9800000000000004,-2.0200000000000102,0.0,2.224548547500654
2026-09-18,3147,大綜,,False,下車,,1.009999999999998,-1.1799999999999997,-2.3500000000000014,1.2099999999999937,,
2026-09-18,3167,大量,,False,下車,,3.6099999999999994,-1.3699999999999974,-5.289999999999999,1.3600000000000065,0.0,1.8016815694648338
2026-09-18,3363,上詮,,False,續賣,中大戶升格,-1.9200000000000017,-1.1099999999999994,0.6500000000000021,1.1099999999999994,,
2026-09-18,3374,精材,QLF,True,下車,,2.269999999999996,-1.1899999999999977,-0.1599999999999966,1.1699999999999982,,
2026-09-18,3376,新日興,IYF,True,續賣,,-4.200000000000003,-2.4100000000000037,-1.9200000000000017,2.4199999999999946,0.0,1.2748344370860927
2026-09-18,3450,聯鈞,,False,續賣,,-1.8499999999999943,-3.309999999999995,-2.7099999999999973,3.3400000000000034,0.0,2.750256235052955
2026-09-18,3624,光頡,,False,下車,,3.720000000000006,-3.8299999999999983,-1.1099999999999994,3.8500000000000014,,
2026-09-18,3661,世芯-KY,UOF,True,續賣,,-1.740000000000002,-2.309999999999995,-2.030000000000001,2.319999999999993,0.0,0.15282730514518594
2026-09-18,3680,家登,SZF,True,下車,中大戶升格,1.6000000000000014,-1.0300000000000011,0.5499999999999972,1.0300000000000082,,
2026-09-18,3693,營邦,,False,下車,,5.530000000000001,-1.9699999999999918,-2.6199999999999974,1.9799999999999969,,
2026-09-18,4197,,,False,回頭車,,-2.0500000000000114,1.5300000000000011,0.0,-1.509999999999998,,
2026-09-18,4590,富田-創,,False,下車,中大戶升格,1.500000000000007,-1.000000000000007,0.23999999999999488,1.0300000000000011,0.0,0.0
2026-09-18,4908,前鼎,,False,下車,中大戶升格,1.8299999999999912,-1.5699999999999932,0.0800000000000054,1.5500000000000043,,
2026-09-18,4931,新盛力,,False,續賣,,-1.129999999999999,-5.199999999999999,-3.610000000000001,5.159999999999997,,
2026-09-18,4939,亞電,,False,續賣,,-3.4299999999999997,-2.039999999999999,-2.280000000000001,2.049999999999997,,
2026-09-18,4956,光鋐,,False,回頭車,中大戶升格,-1.470000000000006,1.6100000000000065,2.0600000000000023,-1.5899999999999963,0.0,1.06951871657754
2026-09-18,5291,邑昇,,False,回頭車,,-1.1200000000000045,1.8700000000000045,0.0,-1.8800000000000026,,
2026-09-18,5314,世紀*,,False,下車,,7.440000000000005,-2.480000000000004,-2.5600000000000023,2.460000000000008,,
2026-09-18,5351,鈺創,,False,續賣,,-1.7899999999999991,-1.2000000000000028,-1.8499999999999979,1.2100000000000009,,
2026-09-18,5475,德宏,,False,續賣,,-1.1099999999999994,-2.1700000000000017,-2.8500000000000014,2.1700000000000017,,
2026-09-18,6129,普誠,,False,下車,,82.88,-83.58,-87.15,83.53,,
2026-09-18,6133,金橋,,False,回頭車,,-1.1299999999999955,3.210000000000001,0.020000000000003126,-3.200000000000003,0.0,1.3290113452188006
2026-09-18,6147,頎邦,NSF,True,回頭車,中大戶升格,-1.1600000000000108,1.9200000000000017,1.980000000000004,-1.9299999999999997,,
2026-09-18,6168,宏齊,,False,回頭車,,-1.2399999999999949,6.6299999999999955,6.079999999999998,-6.619999999999997,0.0,2.4853801169590644
2026-09-18,6173,信昌電,PKF,True,下車,中大戶升格,2.2299999999999898,-1.0499999999999972,2.539999999999999,1.0300000000000011,,
2026-09-18,6179,亞通,,False,續買,中大戶升格,5.3799999999999955,1.8900000000000006,3.1300000000000026,-1.8999999999999986,,
2026-09-18,6218,豪勉,,False,下車,中大戶升格,2.9299999999999997,-2.6499999999999986,2.260000000000005,2.6400000000000006,,
2026-09-18,6226,光鼎,,False,續買,中大戶升格,2.669999999999998,2.9300000000000033,4.25,-2.9000000000000057,0.0,10.716845878136201
2026-09-18,6265,方土昶,,False,續賣,,-1.3300000000000054,-2.9100000000000037,-1.0300000000000011,2.9200000000000017,,
2026-09-18,6416,瑞祺電通,,False,下車,中大戶升格,1.4399999999999977,-1.1199999999999974,0.20000000000000284,1.1099999999999923,0.0,0.15170670037926676
2026-09-18,6467,,,False,續賣,,-1.8400000000000034,-2.099999999999998,-0.03999999999999915,2.1099999999999994,,
2026-09-18,6515,穎崴,,False,回頭車,,-1.3100000000000023,1.3100000000000023,0.04999999999999716,-1.3200000000000003,0.0,2.823179791976226
2026-09-18,6517,保勝光學,,False,下車,,1.5500000000000007,-1.5500000000000007,0.0,1.5499999999999972,,
2026-09-18,6532,瑞耘,,False,下車,,1.0,-1.2999999999999972,0.0,1.2800000000000082,,
2026-09-18,6570,維田,,False,回頭車,,-1.2999999999999972,1.1499999999999986,0.05000000000000071,-1.1300000000000026,,
2026-09-18,6603,富強鑫,,False,回頭車,,-1.0500000000000043,1.0799999999999983,-0.8299999999999983,-1.0799999999999983,,
2026-09-18,6620,漢達,,False,續買,,2.1000000000000014,1.0699999999999932,0.5999999999999943,-1.0700000000000003,,
2026-09-18,6669,緯穎,PWF,True,回頭車,,-2.089999999999989,2.759999999999991,1.5599999999999952,-2.780000000000001,0.0,62.878278412911904
2026-09-18,6683,雍智科技,,False,回頭車,,-1.4299999999999997,1.6400000000000006,0.0,-1.6099999999999994,,
2026-09-18,6715,嘉基,,False,續賣,,-1.3299999999999983,-1.8800000000000097,-1.7900000000000063,1.889999999999997,0.0,2.272727272727273
2026-09-18,6727,亞泰金屬,,False,下車,,4.550000000000001,-2.2300000000000004,-1.0899999999999999,2.3299999999999983,,
2026-09-18,6788,華景電,,False,續賣,,-1.389999999999997,-1.0400000000000027,0.0,1.039999999999992,,
2026-09-18,6840,東研信超,,False,下車,,1.4299999999999926,-1.519999999999989,-0.05999999999999517,1.529999999999994,,
2026-09-18,6861,睿生光電,,False,續賣,,-1.7600000000000051,-2.75,0.0,2.740000000000009,0.0,0.7022471910112359
2026-09-18,7717,萊德光電-KY,,False,續賣,,-1.1099999999999994,-1.9000000000000057,0.0,1.8800000000000026,,
2026-09-18,7749,意騰-KY,,False,回頭車,,-2.1300000000000026,1.0499999999999972,-0.010000000000001563,-1.0500000000000043,0.0,0.088261253309797
2026-09-18,7765,中華資安,,False,回頭車,,-1.3400000000000034,1.0900000000000034,0.0,-1.0899999999999963,0.0,0.0
2026-09-18,7856,,,False,下車,,1.990000000000009,-1.440000000000012,0.0,1.4600000000000009,,
2026-09-18,7871,,,False,續賣,,-1.4099999999999966,-1.0599999999999952,-0.5,1.0500000000000043,,
2026-09-18,7934,,,False,續賣,,-11.780000000000001,-2.239999999999995,-3.9800000000000004,2.219999999999999,,
2026-09-18,8039,台虹,KIF,True,續賣,,-4.809999999999995,-1.4000000000000057,-1.5300000000000011,1.4100000000000037,0.0,7.967673161782934
2026-09-18,8042,金山電,,False,下車,,3.1999999999999957,-2.75,-2.3500000000000014,2.730000000000004,,
2026-09-18,8064,東捷,,False,續買,,2.5900000000000034,1.2800000000000011,0.28000000000000114,-1.2800000000000011,,
2026-09-18,8096,擎亞,,False,續賣,,-1.8200000000000003,-1.8999999999999986,-1.9100000000000037,1.9200000000000017,,
2026-09-18,8103,瀚荃,,False,回頭車,,-1.519999999999996,3.219999999999999,3.009999999999998,-3.240000000000002,0.0,3.222094361334868
2026-09-18,8112,至上,,False,續賣,,-2.260000000000005,-1.2800000000000011,-1.5899999999999963,1.2899999999999991,0.0,12.253060235123016
2026-09-18,8155,博智,,False,續賣,,-1.3200000000000003,-1.6099999999999994,0.0,1.6199999999999974,,
2026-09-18,8227,巨有科技,,False,續買,,6.470000000000002,5.959999999999994,-0.8100000000000023,-5.959999999999994,,
2026-09-18,8431,匯鑽科,,False,續買,,2.6500000000000057,2.8399999999999963,0.07000000000000028,-2.8499999999999943,,
