code,name,ticker,status,buyable,close,chg_pct,atr_pct,avg_turnover_20d,lot_cost,mid_stop,mid_target,mid_risk_pct,long_stop,long_target,long_risk_pct
3653,健策,3653,突破,★鎖漲停可能買不到,6410.0,9.95,5.48,6744802828,6410000,5005.48,9219.03,21.91,4303.22,12730.33,32.87
3532,台勝科,3532,突破,,445.0,2.42,6.47,3172369127,445000,329.77,675.46,25.89,272.16,963.53,38.84
3042,晶技,3042,突破,,198.0,7.9,5.55,2242728308,198000,154.07,285.86,22.19,132.1,395.7,33.28
3016,嘉晶,3016,突破,★鎖漲停可能買不到,145.5,9.81,5.62,1521264544,145500,112.8,210.9,22.47,96.45,292.65,33.71
6526,達發,6526,突破,★鎖漲停可能買不到,840.0,9.95,4.17,877064824,840000,699.95,1120.09,16.67,629.93,1470.21,25.01
1727,中華化,1727,突破,★鎖漲停可能買不到,116.5,9.91,5.48,683728645,116500,90.94,167.61,21.94,78.17,231.5,32.91
1102,亞泥,1102,突破,,35.95,1.41,1.56,258569994,35950,33.7,40.44,6.25,32.58,46.06,9.37
2347,聯強,2347,突破,,94.5,5.12,2.33,254666492,94500,85.69,112.11,9.32,81.29,134.13,13.98
2030,彰源,2030,突破,,27.65,1.47,4.36,107808457,27650,22.83,37.28,17.42,20.42,49.33,26.13
4923,力士,4923,突破,,66.7,8.63,5.97,51786267,66700,50.77,98.55,23.88,42.81,138.37,35.82
2330,台積電,2330,待突破,,2500.0,1.63,1.67,53549683200,2500000,2332.54,2834.93,6.7,2248.8,3253.59,10.05
2454,聯發科,2454,待突破,,5185.0,0.1,4.36,39733822409,5185000,4280.16,6994.68,17.45,3827.74,9256.77,26.18
2303,聯電,2303,待突破,,160.0,0.0,4.68,28127758758,160000,130.07,219.86,18.71,115.11,294.68,28.06
3189,景碩,3189,待突破,,906.0,-0.33,5.86,16778876665,906000,693.63,1330.74,23.44,587.44,1861.67,35.16
2409,友達,2409,待突破,,34.7,-5.32,5.5,13056137997,34700,27.06,49.97,22.01,23.25,69.06,33.01
3711,日月光投控,3711,待突破,,693.0,0.0,4.2,11446897551,693000,576.65,925.69,16.79,518.48,1216.55,25.18
6770,力積電,6770,待突破,,73.1,1.81,4.63,9387612242,73100,59.57,100.16,18.51,52.8,133.99,27.76
2317,鴻海,2317,待突破,,256.0,1.19,2.14,7989266323,256000,234.1,299.79,8.55,223.16,354.53,12.83
8996,高力,8996,待突破,,1540.0,-6.95,7.06,5645610814,1540000,1105.15,2409.7,28.24,887.72,3496.83,42.36
3605,宏致,3605,待突破,,180.0,4.96,6.42,3074483237,180000,133.74,272.52,25.7,110.61,388.16,38.55
