group,symbol,timeframe,period,bbwLen,commission_pct_per_side,net_profit_pct,max_drawdown_pct,win_rate_pct,profit_factor,trades,note
tw_scan,TWSE:6669,1D,2019-03~2026-08,20,0.3,100.43,21.04,58.82,2.017,17,緯穎 同期買進持有遠勝
tw_scan,TWSE:2454,1D,2001-07~2026-08,20,0.3,21.36,37.36,47.83,1.172,23,聯發科
tw_scan,TWSE:2891,1D,2005-06~2026-08,20,0.3,11.47,20.16,47.62,1.246,21,中信金
tw_scan,TWSE:0050,1D,2005-06~2026-08,20,0.3,3.60,21.38,44.44,1.106,18,台灣50
tw_scan,TWSE:2308,1D,2005-06~2026-08,20,0.3,-1.32,41.26,43.75,0.980,16,台達電
tw_scan,TWSE:3008,1D,2005-06~2026-08,20,0.3,-6.70,39.23,31.25,0.896,16,大立光
tw_scan,TWSE:TAIEX,1D,2005-06~2026-08,20,0.3,-10.56,16.71,40.00,0.704,25,加權指數
tw_scan,TWSE:2317,1D,1994-02~2026-08,20,0.3,-12.26,32.81,36.36,0.813,22,鴻海
tw_scan,TWSE:2881,1D,2005-06~2026-08,20,0.3,-12.58,42.44,35.00,0.722,20,富邦金
tw_scan,TWSE:2330,1D,1994-09~2026-08,20,0.3,-17.59,31.73,38.10,0.719,21,台積電
tw_scan,TWSE:2603,1D,2005-06~2026-08,20,0.3,-23.08,36.18,35.29,0.736,17,長榮
tw_scan,TWSE:2382,1D,2005-06~2026-08,20,0.3,-24.45,38.51,29.41,0.635,17,廣達
tw_scan,TWSE:2412,1D,2005-06~2026-08,20,0.3,-33.51,33.97,20.00,0.164,15,中華電 極端案例
tw_scan,TWSE:3661,1D,2014-10~2026-08,20,0.3,-39.80,52.43,37.50,0.706,24,世芯-KY
tw_scan,TWSE:3231,1D,2005-06~2026-08,20,0.3,-53.46,56.11,30.00,0.548,30,緯創
tw_v4,TWSE:2330,1D,1994-09~2026-09,20,0.3,83.40,31.27,52.63,1.658,19,4ATR停損+關量能
tw_v4,TWSE:0050,1D,2005-06~2026-09,20,0.3,31.04,30.78,47.62,1.440,21,4ATR停損+關量能
tw_v4,TWSE:3231,1D,2005-06~2026-09,20,0.3,80.29,55.92,47.62,1.329,21,4ATR停損+關量能
tw_v4,TWSE:2382,1D,2005-06~2026-09,20,0.3,14.12,35.94,41.67,1.181,12,4ATR停損+關量能
tw_v4,TWSE:2454,1D,2001-07~2026-09,20,0.3,25.28,51.97,47.37,1.094,19,4ATR停損+關量能
tw_v4,TWSE:IX0008,1D,2005-06~2026-09,20,0.3,2.21,16.59,35.71,1.045,14,非電子指數 4ATR停損+關量能
tw_v4,TWSE:2881,1D,2005-06~2026-09,20,0.3,8.47,24.79,42.86,1.017,14,4ATR停損+關量能
tw_v4,TWSE:2317,1D,1994-02~2026-09,20,0.3,-7.97,50.72,36.84,0.910,19,4ATR停損+關量能
tw_v4,TWSE:2412,1D,2005-06~2026-09,20,0.3,-26.71,39.42,28.57,0.427,14,4ATR停損+關量能
tw_variant,TWSE:2330,1D,1994-09~2026-09,20,0.3,-4.79,4.79,0.00,0.000,1,變體B 中線反轉+量能 訊號幾乎不觸發
tw_variant,TWSE:2330,1D,1994-09~2026-09,20,0.3,-29.08,49.75,38.46,0.743,39,變體B* 中線反轉+關量能+關擴張
tw_variant,TWSE:2330,1D,1994-09~2026-09,20,0.3,-24.94,47.60,40.00,0.727,35,變體C 上軌突破+關量能+2ATR
