code,name,avg_turnover,trades,win_rate_pct,profit_factor,total_return_pct,max_dd_pct,avg_win_pct,avg_loss_pct,skipped_limit_up,trades_long,trades_short
6223,旺矽,4560935920,16,87.5,19.924,3589.49,20.35,31.89,-11.2,0,16,0
6691,洋基工程,526548601,9,88.89,18.157,316.9,9.3,21.1,-9.3,0,9,0
1326,台化,1723551799,6,83.33,16.809,159.16,6.96,23.38,-6.96,0,6,0
2867,三商壽,130860910,8,87.5,14.543,118.09,6.25,12.99,-6.25,0,8,0
5508,永信建,68557731,11,81.82,10.528,205.09,7.22,15.08,-6.45,0,11,0
6442,光聖,4728976530,16,75.0,10.138,2061.7,28.67,34.84,-10.31,0,16,0
2882,國泰金,2303660351,12,83.33,9.253,188.18,8.6,12.82,-6.93,0,12,0
2603,長榮,2884991408,17,76.47,8.538,1902.57,18.67,31.57,-12.02,0,17,0
6177,達麗,80459324,10,80.0,8.323,134.31,8.63,13.28,-6.38,0,10,0
6693,廣閎科,119096798,7,71.43,7.597,230.52,20.84,33.47,-11.01,0,7,0
2493,揚博,464690822,21,71.43,7.22,692.09,10.28,18.35,-6.35,0,21,0
2891,中信金,2304206140,16,75.0,6.768,222.38,10.01,12.42,-5.51,0,16,0
2484,希華,805932661,10,70.0,6.734,335.32,16.42,29.73,-10.3,1,10,0
2385,群光,455712681,9,77.78,6.075,114.84,10.57,14.48,-8.34,0,9,0
8039,台虹,2780159140,12,66.67,5.835,332.01,15.77,26.63,-9.13,0,12,0
2636,台驊控股,29067832,11,72.73,5.785,303.15,22.46,25.4,-11.71,0,11,0
1442,名軒,33125561,10,80.0,5.594,173.71,17.01,17.4,-12.44,0,10,0
2883,凱基金,1288520985,14,71.43,5.564,214.13,9.36,15.55,-6.99,0,14,0
6894,衛司特,37679112,5,60.0,5.443,57.33,9.34,21.29,-5.87,0,5,0
3339,泰谷,93905303,13,69.23,5.263,775.9,51.6,38.77,-16.57,0,13,0
9921,巨大,187100912,6,66.67,5.231,111.52,20.06,27.68,-10.58,0,6,0
8289,泰藝,103484534,7,71.43,5.214,193.93,25.42,35.09,-16.82,0,7,0
2543,皇昌,182785809,12,66.67,5.18,463.6,30.91,33.6,-12.97,0,12,0
2108,南帝,33405717,8,62.5,5.011,118.85,21.39,23.14,-7.7,0,8,0
4931,新盛力,1513515386,10,70.0,4.992,467.58,22.24,40.56,-18.96,0,10,0
4534,慶騰,34780006,11,72.73,4.782,346.22,41.5,29.22,-16.29,1,11,0
5434,崇越,399323910,15,73.33,4.572,233.25,18.55,15.79,-9.5,0,15,0
2845,遠東銀,126059566,10,70.0,4.455,64.21,5.68,9.82,-5.14,0,10,0
5314,世紀*,937703745,11,72.73,4.369,531.39,29.43,40.19,-24.53,0,11,0
6214,精誠,220282852,13,69.23,4.269,160.89,19.02,15.99,-8.43,0,13,0
2597,潤弘,97009078,14,71.43,4.262,231.54,16.38,18.25,-10.71,1,14,0
2330,台積電,70474946769,16,68.75,4.255,198.57,21.58,14.51,-7.5,0,16,0
8478,東哥遊艇,53908731,14,57.14,4.203,450.86,35.24,35.76,-11.34,0,14,0
3022,威強電,111541779,10,70.0,4.193,177.65,16.53,22.77,-12.67,0,10,0
4722,國精化,658380419,16,62.5,4.179,288.47,21.45,21.94,-8.75,0,16,0
2886,兆豐金,1075690139,11,72.73,4.166,61.83,6.7,8.49,-5.43,0,11,0
1519,華城,2959432205,17,64.71,4.088,748.78,34.63,32.96,-14.78,0,17,0
3234,光環,259108553,11,63.64,4.043,365.26,19.38,38.24,-16.55,0,11,0
1303,南亞,9022732408,10,50.0,4.024,142.16,20.3,29.35,-7.3,0,10,0
2428,興勤,360619633,11,63.64,4.001,209.66,33.1,26.18,-11.45,0,11,0
8046,南電,10433771976,12,66.67,3.986,440.09,28.76,37.35,-18.74,0,12,0
3056,富華新,27989390,12,66.67,3.902,132.08,11.48,16.02,-8.21,0,12,0
6259,百徽,20172643,8,62.5,3.891,153.22,23.75,34.38,-14.73,0,8,0
6197,佳必琪,670540633,15,66.67,3.672,332.51,25.78,24.84,-13.53,1,15,0
3028,增你強,238087056,14,64.29,3.669,113.27,17.13,12.9,-6.33,0,14,0
2504,國產,99225289,8,62.5,3.656,109.03,21.13,25.29,-11.53,0,8,0
2329,華泰,840188287,10,70.0,3.646,208.02,24.4,28.04,-17.95,0,10,0
6640,均華,476552024,14,64.29,3.619,332.95,40.12,29.16,-14.5,0,14,0
6548,長科*,467738582,11,63.64,3.599,213.03,37.57,28.56,-13.89,0,11,0
1773,勝一,170621369,13,69.23,3.582,188.0,16.52,19.19,-12.05,0,13,0
8932,智通*,451256780,15,60.0,3.571,333.62,31.64,28.48,-11.96,0,15,0
2369,菱生,527075604,14,64.29,3.525,319.04,38.98,28.42,-14.51,0,14,0
2402,毅嘉,655685234,11,63.64,3.52,199.39,29.96,28.33,-14.09,0,11,0
8109,博大,44016206,11,54.55,3.483,76.26,11.67,15.16,-5.22,0,11,0
5284,jpp-KY,563231006,15,66.67,3.477,294.92,25.54,24.34,-14.0,0,15,0
2364,倫飛,26116217,11,54.55,3.47,215.09,24.84,36.45,-12.6,2,11,0
2357,華碩,3023031776,17,64.71,3.457,243.37,23.42,18.46,-9.79,0,17,0
2887,台新新光金,2236925294,18,66.67,3.45,147.74,16.01,11.93,-6.91,0,18,0
3045,台灣大,1141465582,7,57.14,3.45,31.67,5.33,10.61,-4.1,0,7,0
2809,京城銀,210730527,10,70.0,3.405,76.35,14.57,12.95,-8.87,0,10,0
3581,博磊,134106022,12,66.67,3.381,235.22,28.66,28.02,-16.57,0,12,0
2441,超豐,886244036,11,63.64,3.375,110.96,23.51,17.96,-9.32,0,11,0
2204,中華,72917463,10,60.0,3.321,109.05,19.14,21.26,-9.6,0,10,0
2442,新美齊,32329630,12,66.67,3.29,135.06,21.83,18.05,-10.97,0,12,0
1309,台達化,111304835,12,58.33,3.282,217.6,37.77,30.75,-13.12,0,12,0
3228,金麗科,81285934,13,61.54,3.235,389.57,39.76,41.87,-20.71,0,13,0
5864,致和證,123899008,9,66.67,3.231,89.22,19.95,18.27,-11.31,0,9,0
2540,愛山林,68600180,11,63.64,3.212,126.91,26.13,20.71,-11.28,0,11,0
2609,陽明,1655542512,13,61.54,3.142,292.4,53.51,35.54,-18.1,0,13,0
2476,鉅祥,396062080,14,64.29,3.122,179.14,28.05,20.97,-12.09,0,14,0
2368,金像電,7166621622,11,63.64,3.121,235.5,23.37,34.64,-19.42,0,11,0
1714,和桐,144407554,12,66.67,3.111,114.62,23.91,16.98,-10.91,0,12,0
4303,信立,129955066,8,62.5,3.111,100.15,23.55,25.91,-13.88,1,8,0
6546,正基,46337678,5,60.0,3.092,66.18,22.71,34.8,-16.88,0,5,0
3583,辛耘,1047966716,15,66.67,3.07,341.91,35.32,29.63,-19.3,0,15,0
5432,新門,29144914,11,63.64,3.066,204.36,34.31,31.72,-18.11,2,11,0
4760,勤凱科技,274094170,10,60.0,3.064,178.16,39.17,35.51,-17.38,0,10,0
2486,一詮,1558577064,15,60.0,3.051,377.08,51.54,35.94,-17.67,0,15,0
6196,帆宣,816911120,15,60.0,3.048,247.94,24.6,26.26,-12.92,0,15,0
3706,神達,2681100790,13,69.23,3.009,155.55,19.62,19.23,-14.38,0,13,0
1210,大成,136145903,13,61.54,2.986,66.58,22.54,10.71,-5.74,0,13,0
6949,沛爾生醫-創,151824399,5,60.0,2.984,73.39,22.84,39.59,-19.9,0,5,0
2449,京元電子,7728699320,14,64.29,2.961,181.62,30.02,22.06,-13.41,0,14,0
3030,德律,1016875094,14,64.29,2.958,167.56,22.53,20.71,-12.6,0,14,0
8299,群聯,11344332802,15,60.0,2.956,209.86,26.02,24.1,-12.23,0,15,0
2070,精湛,29805937,10,60.0,2.95,149.32,31.85,31.35,-15.94,0,10,0
6139,亞翔,3180316804,19,63.16,2.934,345.48,36.4,24.16,-14.12,0,19,0
1560,中砂,1264410359,16,56.25,2.93,249.11,39.07,26.98,-11.84,0,16,0
2457,飛宏,197235999,10,60.0,2.92,158.95,24.3,32.73,-16.82,0,10,0
2460,建通,27581121,11,63.64,2.908,173.1,37.12,29.27,-17.61,0,11,0
5351,鈺創,1459168036,13,53.85,2.904,272.44,54.32,41.43,-16.64,0,13,0
9917,中保科,64096558,12,66.67,2.901,51.5,7.4,8.67,-5.97,0,12,0
6291,沛亨,439869642,14,64.29,2.899,346.25,30.29,39.7,-24.65,0,14,0
2528,皇普,20949537,8,62.5,2.891,68.33,14.42,19.06,-10.99,0,8,0
1712,興農,29867268,12,58.33,2.89,75.27,16.38,14.31,-6.93,0,12,0
1513,中興電,1230342086,14,71.43,2.882,154.8,36.4,17.84,-15.47,0,14,0
3260,威剛,5476011697,13,69.23,2.869,174.58,31.8,21.96,-17.22,0,13,0
6005,群益證,325358776,19,63.16,2.853,135.71,28.25,12.63,-7.59,0,19,0
2850,新產,46575036,19,57.89,2.849,121.72,15.79,12.63,-6.09,0,19,0
3231,緯創,7890397156,17,64.71,2.84,214.03,45.65,20.19,-13.04,0,17,0
3023,信邦,477746472,13,61.54,2.839,130.81,23.29,19.81,-11.16,0,13,0
6716,應廣,39043670,10,60.0,2.826,119.23,37.12,26.88,-14.27,0,10,0
2527,宏璟,24997399,12,58.33,2.81,82.41,15.85,15.87,-7.91,0,12,0
1419,新紡,23665766,9,66.67,2.806,51.64,7.57,12.49,-8.9,0,9,0
2006,東和鋼鐵,190576875,16,68.75,2.793,153.51,35.34,15.9,-12.52,0,16,0
2308,台達電,18576240930,14,57.14,2.768,152.18,25.18,22.45,-10.81,0,14,0
6515,穎崴,2953539612,12,58.33,2.767,210.05,33.7,35.47,-17.94,0,12,0
4939,亞電,519910732,13,61.54,2.765,168.56,28.43,25.82,-14.95,0,13,0
1514,亞力,626040043,19,63.16,2.763,320.17,37.61,24.4,-15.14,0,19,0
2429,銘旺科,84012025,12,58.33,2.763,174.31,38.27,30.81,-15.61,1,12,0
2645,長榮航太,732841253,5,60.0,2.754,46.86,20.02,26.21,-14.28,0,5,0
2344,華邦電,21420082018,10,60.0,2.749,141.12,29.57,31.79,-17.35,0,10,0
1524,耿鼎,48248274,10,60.0,2.744,104.74,20.7,24.61,-13.45,0,10,0
6895,宏碩系統,51033612,5,60.0,2.742,59.14,33.68,33.9,-18.54,0,5,0
3416,融程電,114500583,15,66.67,2.738,125.83,14.44,15.29,-11.17,0,15,0
1727,中華化,481876186,15,60.0,2.736,236.2,29.44,29.72,-16.29,0,15,0
2404,漢唐,3398811900,20,60.0,2.727,273.04,31.13,21.78,-11.98,0,20,0
6531,愛普*,3170636676,13,61.54,2.726,238.87,48.91,35.42,-20.79,0,13,0
6788,華景電,479290216,6,66.67,2.724,75.76,23.0,31.26,-22.95,0,6,0
4571,鈞興-KY,115561846,11,54.55,2.719,105.29,21.16,24.85,-10.97,0,11,0
2015,豐興,20373241,10,70.0,2.716,61.24,17.23,12.53,-10.77,0,10,0
2201,裕隆,132487375,9,66.67,2.716,77.93,23.19,18.96,-13.96,0,9,0
2467,志聖,1009403539,18,66.67,2.701,242.73,30.25,21.95,-16.25,0,18,0
3036,文曄,1930111725,17,52.94,2.698,176.34,21.74,22.73,-9.48,0,17,0
6585,鼎基,31783815,7,57.14,2.697,78.12,33.57,31.83,-15.73,0,7,0
5289,宜鼎,3582971274,12,50.0,2.674,134.82,47.83,32.0,-11.97,0,12,0
3707,漢磊,938535714,11,63.64,2.673,148.68,33.66,28.62,-18.74,0,11,0
8033,雷虎,1213439681,13,61.54,2.669,222.16,34.36,33.09,-19.84,0,13,0
2374,佳能,1147511631,15,60.0,2.651,188.23,22.61,24.67,-13.95,0,15,0
2890,永豐金,1048666369,15,60.0,2.644,82.67,10.98,12.33,-6.99,0,15,0
2515,中工,180813692,14,64.29,2.629,111.28,21.65,16.01,-10.96,0,14,0
3430,奇鈦科,150529856,7,57.14,2.626,60.05,20.42,24.95,-12.67,1,7,0
2880,華南金,748031389,13,53.85,2.623,60.65,12.78,12.5,-5.56,0,13,0
8103,瀚荃,269388295,15,60.0,2.618,165.58,35.33,22.87,-13.1,0,15,0
3081,聯亞,4222880370,15,53.33,2.613,273.77,50.17,40.46,-17.69,0,15,0
3444,利機,42280195,17,58.82,2.608,234.94,22.62,26.05,-14.27,0,17,0
5258,虹堡,34365181,10,50.0,2.601,115.85,29.07,36.23,-13.93,1,10,0
2317,鴻海,16073373444,15,60.0,2.601,107.42,26.94,15.72,-9.07,0,15,0
6664,群翊,360862668,18,55.56,2.596,176.04,22.84,20.64,-9.94,0,18,0
2236,百達-KY,65250588,15,60.0,2.595,202.61,26.22,26.93,-15.57,0,15,0
6488,環球晶,4514378204,12,58.33,2.57,137.18,26.0,27.53,-15.0,0,12,0
8069,元太,1354933750,12,58.33,2.542,136.83,41.34,27.04,-14.89,0,12,0
8383,千附,100877581,13,53.85,2.53,79.54,33.86,17.05,-7.86,0,13,0
6023,元大期貨,23026916,11,54.55,2.523,30.78,6.48,8.08,-3.84,0,11,0
3357,臺慶科,799695866,6,66.67,2.522,55.61,35.79,24.83,-19.69,0,6,0
3044,健鼎,1646314621,15,46.67,2.519,132.29,27.79,25.86,-8.98,0,15,0
6605,帝寶,82752559,11,63.64,2.516,82.81,25.85,18.16,-12.64,0,11,0
3622,洋華,36075562,14,64.29,2.507,133.77,28.58,20.18,-14.49,0,14,0
9907,統一實,64468021,9,55.56,2.5,53.09,14.95,17.15,-8.57,0,9,0
4967,十銓,2325830842,13,61.54,2.494,159.75,29.59,28.36,-18.19,0,13,0
8996,高力,2798513482,20,55.0,2.49,364.45,49.98,34.08,-16.73,0,20,0
6265,方土昶,330247788,16,56.25,2.489,199.17,32.05,28.64,-14.8,0,16,0
5475,德宏,630373302,15,53.33,2.489,233.7,54.24,38.97,-17.9,1,15,0
2478,大毅,564894738,10,50.0,2.484,83.72,31.77,27.69,-11.15,0,10,0
6806,森崴能源,95552966,5,60.0,2.48,43.11,17.35,26.81,-16.21,0,5,0
2834,臺企銀,466482844,16,56.25,2.464,55.61,13.82,9.28,-4.84,0,16,0
6509,聚和,99075135,14,50.0,2.449,108.43,39.33,23.38,-9.55,0,14,0
5530,龍巖,26752625,9,66.67,2.436,39.01,21.68,10.96,-9.0,0,9,0
3149,正達,639743424,18,55.56,2.421,294.25,47.23,34.76,-17.95,0,18,0
2615,萬海,1308247603,11,63.64,2.42,129.56,56.24,31.39,-22.7,0,11,0
2915,潤泰全,137361195,10,60.0,2.416,55.77,15.87,15.08,-9.36,0,10,0
1522,堤維西,59181822,9,55.56,2.415,69.49,19.9,23.6,-12.22,0,9,0
3533,嘉澤,2493621374,14,57.14,2.413,159.44,32.13,27.71,-15.31,0,14,0
8222,寶一,78622065,11,54.55,2.407,115.65,30.51,31.09,-15.5,0,11,0
5607,遠雄港,30088648,14,57.14,2.395,106.18,18.06,19.76,-11.0,0,14,0
2377,微星,1667313865,10,60.0,2.391,69.17,26.65,19.34,-12.13,0,10,0
4979,華星光,4734509384,18,50.0,2.387,283.03,48.25,39.83,-16.69,0,18,0
2539,櫻花建,50272047,12,66.67,2.385,48.43,26.78,9.69,-8.12,0,12,0
6425,易發,117140793,8,62.5,2.38,79.19,42.15,29.48,-20.64,0,8,0
3189,景碩,9192033901,14,50.0,2.378,185.49,55.26,40.76,-17.14,0,14,0
3297,杭特,52865121,15,53.33,2.374,161.73,25.77,29.94,-14.42,0,15,0
6525,捷敏-KY,183903997,16,50.0,2.37,109.3,44.89,20.66,-8.72,0,16,0
6204,艾華,34649706,15,53.33,2.364,141.12,36.58,26.36,-12.75,0,15,0
2305,全友,78795034,13,61.54,2.364,141.06,54.73,27.95,-18.92,1,13,0
6187,萬潤,2187947042,18,55.56,2.36,260.07,36.24,33.48,-17.73,0,18,0
6024,群益期,20952502,13,61.54,2.357,37.71,11.79,7.59,-5.15,0,13,0
2838,聯邦銀,48387603,16,62.5,2.357,75.1,10.92,11.2,-7.92,0,16,0
2412,中華電,1475850093,9,55.56,2.351,22.47,11.42,7.71,-4.1,0,9,0
3712,永崴投控,30275269,9,55.56,2.35,66.81,14.84,23.47,-12.49,1,9,0
3037,欣興,15594686489,13,53.85,2.348,146.15,37.31,32.44,-16.12,0,13,0
2885,元大金,1288793523,17,52.94,2.344,91.87,23.03,14.96,-7.18,0,17,0
1717,長興,1981235605,12,50.0,2.341,71.31,40.95,19.63,-8.39,0,12,0
3576,聯合再生,371260352,6,50.0,2.339,49.01,35.83,34.9,-14.92,0,6,0
6642,富致,28015164,8,62.5,2.334,51.55,17.29,18.6,-13.28,0,8,0
2436,偉詮電,343964041,13,53.85,2.33,113.9,20.17,26.21,-13.12,0,13,0
6173,信昌電,1152049090,10,60.0,2.327,83.45,33.52,25.46,-16.42,0,10,0
4973,廣穎電通,346839992,16,56.25,2.327,173.85,48.53,28.78,-15.9,0,16,0
2313,華通,11169489225,12,50.0,2.32,108.79,24.61,30.12,-12.98,0,12,0
1503,士電,809556891,13,61.54,2.318,94.56,30.55,19.73,-13.62,0,13,0
2348,海悅,60208698,14,64.29,2.317,108.43,35.41,18.9,-14.68,0,14,0
6683,雍智科技,930607634,10,60.0,2.317,99.51,29.94,29.63,-19.18,0,10,0
1231,聯華食,39965451,16,56.25,2.312,74.24,19.15,13.33,-7.41,0,16,0
8111,立碁,418602465,14,50.0,2.308,125.16,23.16,29.18,-12.64,0,14,0
1612,宏泰,53330597,19,52.63,2.303,156.96,30.58,21.55,-10.4,0,19,0
2881,富邦金,2819928849,13,61.54,2.296,65.92,15.39,13.41,-9.35,0,13,0
2383,台光電,9138621064,21,52.38,2.295,270.23,46.67,29.98,-14.37,0,21,0
8131,福懋科,586929413,12,41.67,2.293,44.71,21.94,16.39,-5.1,0,12,0
3211,順達,2922013930,14,64.29,2.291,103.07,22.15,18.67,-14.67,0,14,0
2408,南亞科,28200329200,16,43.75,2.286,159.63,59.31,36.58,-12.45,0,16,0
6419,京晨科,39244143,15,53.33,2.284,196.86,31.81,39.44,-19.73,2,15,0
5381,光譜,63395967,11,54.55,2.282,113.65,31.26,34.33,-18.05,0,11,0
2851,中再保,65330878,17,58.82,2.28,80.53,17.65,12.34,-7.73,0,17,0
3709,鑫聯大投控,207189237,11,63.64,2.277,86.14,19.73,21.55,-16.57,0,11,0
5880,合庫金,405863188,10,60.0,2.276,29.77,14.57,8.66,-5.71,0,10,0
3363,上詮,2032340604,16,50.0,2.275,180.67,33.18,36.37,-15.99,0,16,0
6830,汎銓,688083991,8,50.0,2.265,63.0,35.96,33.52,-14.8,0,8,0
2485,兆赫,1400168750,11,54.55,2.259,95.21,30.74,31.04,-16.49,0,11,0
3163,波若威,2928800122,16,56.25,2.256,190.55,35.87,32.71,-18.64,0,16,0
4971,IET-KY,1014519778,17,47.06,2.246,188.05,49.24,37.14,-14.7,0,17,0
6117,迎廣,50339962,13,46.15,2.212,115.92,51.72,36.03,-13.96,0,13,0
5328,華容,657589334,13,53.85,2.211,117.39,41.1,30.4,-16.05,0,13,0
3207,耀勝,42373614,8,50.0,2.201,63.99,33.5,34.96,-15.89,0,8,0
3167,大量,1929410904,17,52.94,2.196,176.03,33.3,33.1,-16.96,0,17,0
2472,立隆電,1308701342,14,57.14,2.186,105.14,29.95,23.5,-14.33,0,14,0
2303,聯電,14566725670,15,53.33,2.18,100.5,23.93,22.08,-11.58,0,15,0
3131,弘塑,1747924340,14,57.14,2.178,142.08,37.73,32.71,-20.02,0,14,0
2312,金寶,1129989693,16,56.25,2.174,117.37,34.42,21.31,-12.61,0,16,0
8110,華東,1593102895,15,53.33,2.17,132.71,42.49,29.89,-15.74,0,15,0
3013,晟銘電,535558423,12,50.0,2.166,102.83,48.79,33.84,-15.62,0,12,0
2382,廣達,7320845701,13,53.85,2.164,76.88,28.09,19.58,-10.56,0,13,0
6026,福邦證,31365340,15,53.33,2.159,88.43,22.88,19.08,-10.1,0,15,0
6282,康舒,1834090061,10,60.0,2.157,72.14,39.14,24.13,-16.78,0,10,0
2353,宏碁,990468906,12,50.0,2.157,62.47,15.8,19.33,-8.96,0,12,0
3563,牧德,1050417702,11,54.55,2.157,86.08,24.75,29.02,-16.14,0,11,0
8926,台汽電,241356052,11,63.64,2.152,44.37,23.13,11.72,-9.53,0,11,0
5009,榮剛,107010498,11,45.45,2.151,56.22,29.96,22.52,-8.72,0,11,0
2342,茂矽,213330790,12,50.0,2.14,96.01,47.01,32.06,-14.98,0,12,0
2375,凱美,1103568848,14,50.0,2.137,110.23,38.86,30.2,-14.13,0,14,0
4763,材料*-KY,440480863,13,46.15,2.136,98.04,21.0,33.02,-13.25,0,13,0
2855,統一證,242881720,21,57.14,2.133,96.05,39.11,12.76,-7.98,0,21,0
1736,喬山,105108438,10,50.0,2.125,67.46,39.42,28.51,-13.42,0,10,0
2823,中壽,348028476,5,60.0,2.123,13.41,8.65,9.46,-6.69,0,5,0
6603,富強鑫,61786991,10,50.0,2.117,63.87,22.7,26.71,-12.62,0,10,0
2884,玉山金,1470199008,16,56.25,2.116,48.76,18.06,9.54,-5.8,0,16,0
6257,矽格,1605497031,18,55.56,2.111,108.57,26.75,18.2,-10.77,0,18,0
4904,遠傳,778140336,10,60.0,2.105,30.61,9.84,9.75,-6.95,0,10,0
8499,鼎炫-KY,61380254,16,50.0,2.102,86.5,22.15,20.05,-9.54,0,16,0
6116,彩晶,565546271,14,50.0,2.096,88.92,35.55,23.76,-11.33,0,14,0
2812,台中銀,249086875,17,58.82,2.094,44.82,12.38,8.0,-5.46,0,17,0
1708,東鹼,205640289,11,54.55,2.093,60.05,38.17,20.53,-11.77,0,11,0
2331,精英,115814885,11,54.55,2.092,78.15,31.98,26.56,-15.23,0,11,0
2356,英業達,1847292119,12,50.0,2.088,49.56,23.99,16.15,-7.73,1,12,0
1784,訊聯,38422294,15,53.33,2.084,104.19,31.89,23.83,-13.07,0,15,0
2535,達欣工,33878206,22,54.55,2.075,82.98,16.65,11.42,-6.6,0,22,0
5388,中磊,298656800,9,55.56,2.07,47.71,35.63,19.93,-12.03,0,9,0
5274,信驊,3377763480,18,55.56,2.068,167.26,50.81,30.37,-18.36,0,18,0
6651,全宇昕,32967036,10,60.0,2.053,52.59,23.14,18.81,-13.74,0,10,0
2427,三商電,32774985,11,54.55,2.046,55.74,23.9,20.22,-11.86,0,11,0
8042,金山電,457422330,13,53.85,2.039,74.68,28.57,23.78,-13.6,0,13,0
4906,正文,498999922,10,60.0,2.031,55.91,22.27,20.21,-14.93,0,10,0
1815,富喬,5730646803,18,55.56,2.026,152.89,48.84,29.19,-18.01,0,18,0
4532,瑞智,36649991,12,58.33,2.025,52.72,24.36,14.92,-10.32,0,12,0
2468,華經,60171395,17,52.94,2.024,108.01,48.25,25.22,-14.02,0,17,0
4956,光鋐,136439771,12,50.0,2.023,73.91,46.9,28.02,-13.85,0,12,0
6679,鈺太,92243330,9,55.56,2.022,65.42,31.16,32.8,-20.28,0,9,0
6239,力成,4332354594,15,53.33,2.02,88.33,27.08,22.02,-12.46,0,15,0
2332,友訊,216641728,11,45.45,2.005,59.48,27.32,27.23,-11.32,0,11,0
6770,力積電,12281023994,9,44.44,2.003,53.6,33.39,36.24,-14.48,0,9,0
6669,緯穎,8631547085,14,50.0,2.0,105.22,33.97,32.02,-16.01,0,14,0
6592,和潤企業,55240899,8,62.5,2.0,27.59,13.41,12.1,-10.09,0,8,0
1215,卜蜂,192287878,12,50.0,1.998,39.18,17.4,13.22,-6.62,0,12,0
1342,八貫,41245281,10,60.0,1.997,48.9,22.99,17.93,-13.46,0,10,0
6147,頎邦,3432405273,14,42.86,1.989,58.59,15.02,20.9,-7.88,0,14,0
2483,百容,50204101,8,50.0,1.989,34.33,18.64,19.81,-9.96,0,8,0
3518,柏騰,21052287,11,54.55,1.983,69.27,42.49,26.28,-15.9,0,11,0
1308,亞聚,70707234,12,50.0,1.982,52.64,16.29,19.56,-9.87,0,12,0
8937,合騏*,39487403,13,53.85,1.979,86.0,50.56,29.28,-17.26,0,13,0
2105,正新,389192497,10,50.0,1.977,38.79,20.23,16.67,-8.43,0,10,0
2480,敦陽科,49911728,12,58.33,1.97,41.17,21.14,12.62,-8.96,0,12,0
2395,研華,1372761679,14,42.86,1.967,68.54,43.14,24.24,-9.24,0,14,0
9911,櫻花,25167965,10,50.0,1.965,30.66,22.72,13.2,-6.72,0,10,0
2387,精元,31926098,12,50.0,1.962,64.21,36.75,24.43,-12.45,0,12,0
2059,川湖,3719081884,19,47.37,1.959,128.88,38.37,29.21,-13.41,0,19,0
6284,佳邦,248712087,10,50.0,1.954,57.65,39.97,28.19,-14.43,0,10,0
3550,聯穎,72206254,11,54.55,1.95,58.74,43.85,25.27,-15.55,1,11,0
2301,光寶科,5699393253,15,53.33,1.95,79.6,44.09,20.77,-12.17,0,15,0
3711,日月光投控,9296255124,13,53.85,1.945,68.0,20.98,21.26,-12.75,0,13,0
5536,聖暉*,1626086576,18,50.0,1.94,102.17,34.32,23.6,-12.17,0,18,0
2548,華固,177448662,15,66.67,1.938,40.78,26.84,8.55,-8.82,0,15,0
6457,紘康,24616637,11,54.55,1.934,58.84,52.84,26.91,-16.7,0,11,0
3219,倚強科,59441520,8,50.0,1.93,46.48,32.71,35.21,-18.24,1,8,0
2530,華建,25036051,13,53.85,1.928,45.07,22.86,13.85,-8.38,0,13,0
2345,智邦,7391031544,13,53.85,1.926,84.64,31.94,29.02,-17.57,0,13,0
2379,瑞昱,2238753034,12,50.0,1.924,59.31,32.39,22.25,-11.57,0,12,0
3450,聯鈞,4886595602,13,46.15,1.922,74.05,32.26,33.83,-15.09,0,13,0
3693,營邦,615406844,13,46.15,1.917,85.1,43.91,37.77,-16.89,1,13,0
6584,南俊國際,580771646,6,50.0,1.916,35.43,25.45,39.82,-20.79,0,6,0
2360,致茂,4998162922,16,56.25,1.914,95.17,45.47,22.76,-15.29,0,16,0
1808,潤隆,59662914,11,45.45,1.906,38.15,25.03,17.76,-7.77,0,11,0
3551,世禾,250567036,14,64.29,1.906,75.31,22.99,19.18,-18.12,0,14,0
6274,台燿,6814070634,14,50.0,1.905,90.62,46.44,31.98,-16.78,0,14,0
5439,高技,1720799558,16,50.0,1.898,89.99,30.88,27.3,-14.38,0,16,0
3031,佰鴻,62812153,12,50.0,1.898,60.06,34.37,24.84,-13.09,0,12,0
3577,泓格,64000835,12,50.0,1.898,64.51,41.1,28.12,-14.81,1,12,0
8163,達方,62245121,10,50.0,1.894,36.49,20.0,16.98,-8.97,0,10,0
3663,鑫科,191092507,15,46.67,1.892,80.31,30.42,29.04,-13.43,0,15,0
2820,華票,25644680,12,50.0,1.888,18.44,10.7,6.61,-3.5,0,12,0
9105,泰金寶-DR,240045900,20,55.0,1.886,106.26,42.61,19.92,-12.91,0,20,0
5490,同亨,27402385,12,50.0,1.863,45.42,25.93,18.18,-9.76,0,12,0
6449,鈺邦,442935137,12,50.0,1.859,68.77,36.66,35.46,-19.08,0,12,0
6547,高端疫苗,120682126,9,44.44,1.854,46.37,64.24,42.58,-18.37,1,9,0
3591,艾笛森,38700015,12,50.0,1.85,63.5,30.84,28.39,-15.34,0,12,0
5236,凌陽創新,38351408,6,50.0,1.849,25.92,26.02,26.61,-14.39,0,6,0
1229,聯華,102805235,14,57.14,1.847,37.57,17.24,10.37,-7.48,0,14,0
9914,美利達,180210906,8,50.0,1.845,34.15,32.17,23.22,-12.59,0,8,0
9939,宏全,169733632,16,56.25,1.838,52.06,24.44,12.68,-8.87,0,16,0
2030,彰源,22451111,10,40.0,1.833,33.42,39.69,25.45,-9.26,0,10,0
8021,尖點,3508894565,17,47.06,1.827,84.75,44.25,30.4,-14.79,0,17,0
3017,奇鋐,10640826802,18,55.56,1.825,110.76,38.02,28.06,-19.22,0,18,0
6492,生華科,22415904,7,42.86,1.825,32.65,40.58,41.06,-16.88,1,7,0
2753,八方雲集,64809485,5,60.0,1.825,15.8,23.26,14.89,-12.24,0,5,0
3152,璟德,148981192,9,44.44,1.824,39.72,48.42,30.54,-13.4,0,9,0
3008,大立光,5284178322,11,45.45,1.823,45.68,24.12,25.79,-11.79,0,11,0
4915,致伸,231597423,9,55.56,1.818,33.26,20.72,17.13,-11.77,0,9,0
3055,蔚華科,156738218,18,50.0,1.813,93.2,45.52,27.71,-15.29,1,18,0
5498,凱崴,642461818,12,50.0,1.813,58.23,35.01,31.37,-17.3,0,12,0
3088,艾訊,117245238,15,46.67,1.812,50.06,24.72,17.57,-8.49,0,15,0
2365,昆盈,202358268,16,50.0,1.809,74.62,54.0,24.88,-13.75,0,16,0
6203,海韻電,22551265,11,45.45,1.809,45.82,45.33,26.66,-12.28,0,11,0
3715,定穎投控,3774382272,6,50.0,1.808,28.69,35.83,39.77,-22.0,0,6,0
8936,國統,158890772,13,53.85,1.798,57.31,26.28,21.91,-14.22,0,13,0
5515,建國,26632871,14,50.0,1.796,49.61,26.56,17.45,-9.71,0,14,0
6510,精測,2033506440,10,50.0,1.793,45.39,27.7,29.72,-16.58,0,10,0
6668,中揚光,29978596,7,57.14,1.793,29.51,30.75,23.9,-17.77,0,7,0
8081,致新,210230945,14,50.0,1.784,56.34,35.54,20.66,-11.58,0,14,0
2376,技嘉,2320843766,16,56.25,1.784,76.15,25.19,22.52,-16.23,0,16,0
3293,鈊象,1432340084,14,50.0,1.784,57.48,27.24,21.32,-11.95,0,14,0
6237,驊訊,34835160,9,44.44,1.779,40.14,45.78,37.46,-16.85,0,9,0
1590,亞德客-KY,1125472594,12,50.0,1.778,48.82,41.32,24.75,-13.92,0,12,0
4966,譜瑞-KY,1048542004,10,50.0,1.774,45.22,57.99,28.24,-15.92,0,10,0
3661,世芯-KY,7956672737,16,50.0,1.766,87.22,37.9,36.53,-20.68,0,16,0
1605,華新,2402183128,14,50.0,1.762,56.14,36.83,22.52,-12.78,0,14,0
3529,力旺,2386937820,13,46.15,1.759,61.75,57.61,38.81,-18.91,0,13,0
8147,正淩,71045271,17,47.06,1.758,66.6,36.47,22.73,-11.49,0,17,0
6432,今展科,91785120,11,54.55,1.752,45.37,27.16,24.31,-16.65,0,11,0
8358,金居,6519298800,14,50.0,1.751,63.21,41.03,30.52,-17.43,0,14,0
3402,漢科,164462868,15,53.33,1.747,51.0,32.53,16.57,-10.84,0,15,0
6438,迅得,282900941,14,50.0,1.746,59.94,36.5,25.85,-14.81,0,14,0
2328,廣宇,611347500,15,46.67,1.744,60.36,39.25,25.37,-12.73,0,15,0
4916,事欣科,673723293,10,50.0,1.741,41.5,27.58,26.96,-15.49,0,10,0
3290,東浦,55186319,10,50.0,1.733,42.08,19.85,28.6,-16.51,0,10,0
3306,鼎天,29998713,12,50.0,1.724,44.78,50.75,25.31,-14.68,0,12,0
2409,友達,4723384631,13,46.15,1.721,49.84,48.35,26.48,-13.19,0,13,0
8261,富鼎,869307185,15,46.67,1.717,62.43,35.14,30.22,-15.4,1,15,0
6803,崑鼎,21067472,12,58.33,1.717,18.89,12.16,6.73,-5.49,0,12,0
3162,精確,254710615,11,45.45,1.712,40.39,43.36,31.33,-15.25,0,11,0
2010,春源,33731097,16,56.25,1.703,45.54,42.99,16.39,-12.38,0,16,0
3324,雙鴻,4069526224,13,53.85,1.698,53.21,37.76,26.42,-18.15,0,13,0
6446,藥華藥,2346650521,13,46.15,1.697,49.8,28.7,30.02,-15.16,1,13,0
2207,和泰車,244304105,10,40.0,1.696,25.18,26.53,20.05,-7.88,0,10,0
2233,宇隆,384599083,17,47.06,1.693,61.98,58.7,24.44,-12.84,0,17,0
3026,禾伸堂,1947642748,11,45.45,1.692,30.02,30.38,21.8,-10.74,0,11,0
3005,神基,566164807,14,50.0,1.69,43.11,31.54,18.79,-11.12,0,14,0
4129,聯合,29005732,13,38.46,1.689,39.63,27.66,25.0,-9.25,0,13,0
2497,怡利電,38120982,15,46.67,1.687,57.84,52.53,28.08,-14.57,0,15,0
6207,雷科,570639462,15,53.33,1.686,49.7,40.64,19.96,-13.53,0,15,0
6127,九豪,583326692,16,43.75,1.682,58.37,44.4,33.71,-15.59,0,16,0
2323,中環,101588254,9,44.44,1.682,23.39,21.55,18.73,-8.91,0,9,0
8150,南茂,2754032180,15,46.67,1.676,49.15,32.38,26.02,-13.59,0,15,0
4976,佳凌,102892219,12,41.67,1.675,40.22,59.75,34.35,-14.65,0,12,0
2347,聯強,509079753,13,53.85,1.672,30.37,25.28,12.15,-8.48,0,13,0
8074,鉅橡,306911247,16,43.75,1.671,44.33,32.75,23.92,-11.14,0,16,0
4130,健亞,26280807,9,44.44,1.671,27.24,25.12,25.6,-12.26,0,9,0
1709,和益,59403377,16,50.0,1.669,43.49,24.02,15.95,-9.56,0,16,0
1584,精剛,27332113,15,46.67,1.667,50.97,46.45,23.59,-12.38,0,15,0
4991,環宇-KY,1676952428,12,41.67,1.666,39.02,32.81,38.85,-16.65,0,12,0
8054,安國,523104896,11,54.55,1.663,37.93,43.86,32.23,-23.26,0,11,0
1301,台塑,1779187201,9,44.44,1.659,21.18,34.04,18.69,-9.01,0,9,0
3035,智原,1258338434,13,46.15,1.654,44.34,54.52,33.24,-17.23,0,13,0
3376,新日興,1208291645,11,45.45,1.652,36.04,44.06,28.68,-14.46,0,11,0
1582,信錦,314619291,14,57.14,1.651,34.3,32.22,13.78,-11.13,0,14,0
2501,國建,72487844,9,44.44,1.651,20.76,21.85,16.47,-7.98,0,9,0
8927,北基,24850156,10,50.0,1.65,29.19,41.56,20.03,-12.14,0,10,0
2607,榮運,44496119,16,43.75,1.646,46.24,43.38,24.66,-11.65,0,16,0
2618,長榮航,1293162892,15,46.67,1.642,42.5,17.25,19.7,-10.5,0,15,0
6530,創威,200675414,16,50.0,1.641,53.32,44.23,23.48,-14.31,0,16,0
4933,友輝,23007609,11,45.45,1.64,29.95,31.48,21.74,-11.04,0,11,0
3587,閎康,380759844,15,46.67,1.636,51.63,28.07,29.78,-15.92,0,15,0
3665,貿聯-KY,6222720971,18,44.44,1.631,56.98,45.67,26.32,-12.91,0,18,0
8114,振樺電,172006110,11,45.45,1.627,28.14,37.59,21.39,-10.95,0,11,0
3680,家登,854632444,15,46.67,1.625,52.04,51.55,32.42,-17.45,0,15,0
2836,高雄銀,23336054,13,61.54,1.625,19.29,22.98,6.82,-6.72,0,13,0
1907,永豐餘,38118314,17,52.94,1.622,48.31,43.64,17.22,-11.94,0,17,0
8390,金益鼎,126817981,14,50.0,1.616,40.16,53.31,20.31,-12.57,0,14,0
2892,第一金,964333501,13,53.85,1.616,19.59,14.99,8.11,-5.85,0,13,0
4766,南寶,289681544,16,50.0,1.615,43.48,32.69,17.97,-11.13,0,16,0
3034,聯詠,1903457253,14,50.0,1.609,40.54,38.98,20.62,-12.81,0,14,0
3312,弘憶股,111062710,11,54.55,1.609,27.99,35.45,19.43,-14.49,0,11,0
3605,宏致,474364062,15,46.67,1.599,45.98,48.39,28.62,-15.66,0,15,0
6206,飛捷,171194237,15,53.33,1.597,30.74,25.5,12.91,-9.24,0,15,0
6243,迅杰,40818117,13,46.15,1.589,38.05,52.01,30.11,-16.24,1,13,0
6405,悅城,45610813,17,47.06,1.586,47.72,59.13,26.28,-14.73,0,17,0
8422,可寧衛*,861836497,13,53.85,1.581,20.72,20.95,9.33,-6.89,0,13,0
3466,德晉,32519330,9,44.44,1.575,24.0,33.23,34.4,-17.47,0,9,0
2745,五福,26855781,14,50.0,1.573,34.27,53.39,23.51,-14.95,0,14,0
6180,橘子,32263141,10,40.0,1.563,20.21,16.92,18.76,-8.0,0,10,0
6670,復盛應用,112712031,16,56.25,1.562,35.48,37.42,13.78,-11.34,0,16,0
2520,冠德,88813131,13,53.85,1.561,29.06,17.68,15.38,-11.5,0,13,0
3265,台星科,319800990,18,50.0,1.558,46.59,43.52,19.41,-12.46,0,18,0
4536,拓凱,48074606,10,40.0,1.557,21.42,29.12,24.19,-10.36,0,10,0
3545,敦泰,90638411,11,45.45,1.555,25.08,65.25,34.54,-18.51,0,11,0
6278,台表科,973680735,10,40.0,1.552,22.39,28.61,26.68,-11.45,1,10,0
6190,萬泰科,404784073,17,47.06,1.552,41.32,55.63,23.25,-13.32,0,17,0
2451,創見,1946246742,17,52.94,1.547,33.34,27.2,15.89,-11.56,0,17,0
3702,大聯大,1099977061,16,50.0,1.546,27.97,21.83,12.03,-7.78,0,16,0
8064,東捷,597692691,12,50.0,1.545,25.24,33.89,29.31,-18.98,0,12,0
9958,世紀鋼,243603815,11,45.45,1.544,26.94,34.92,29.88,-16.13,0,11,0
5269,祥碩,1557651032,14,42.86,1.544,32.39,52.21,35.43,-17.22,0,14,0
3532,台勝科,1133245277,15,46.67,1.544,35.69,54.14,28.46,-16.13,0,15,0
3060,銘異,207585010,11,45.45,1.533,24.77,33.24,30.2,-16.42,1,11,0
3555,博士旺,38830306,17,41.18,1.531,37.91,61.42,33.35,-15.25,0,17,0
8016,矽創,332755206,11,45.45,1.531,24.25,32.73,24.19,-13.16,0,11,0
3289,宜特,347076398,14,42.86,1.531,32.05,41.46,30.69,-15.04,0,14,0
2355,敬鵬,573898550,14,42.86,1.524,30.41,42.88,24.64,-12.12,0,14,0
3229,晟鈦,22174191,11,54.55,1.511,20.88,33.25,22.55,-17.91,0,11,0
2009,第一銅,255769494,12,41.67,1.508,23.05,52.82,30.74,-14.56,0,12,0
3479,安勤,117952610,9,44.44,1.508,17.24,26.01,21.6,-11.46,0,9,0
2465,麗臺,118550482,13,46.15,1.508,19.0,55.44,40.02,-22.75,1,13,0
2420,新巨,23976981,16,50.0,1.508,25.54,26.96,11.34,-7.52,0,16,0
1718,中纖,162775689,12,41.67,1.507,23.1,44.68,20.4,-9.67,0,12,0
5464,霖宏,34650834,16,50.0,1.505,33.62,35.57,21.18,-14.08,0,16,0
4542,科嶠,181866928,9,44.44,1.502,16.42,51.16,34.64,-18.45,0,9,0
3526,凡甲,175471126,12,50.0,1.502,25.28,30.03,18.87,-12.57,0,12,0
6435,大中,191136259,13,38.46,1.497,25.79,57.72,31.34,-13.09,0,13,0
2417,圓剛,68993993,14,42.86,1.496,28.03,61.26,33.97,-17.03,0,14,0
6735,美達科技,30909911,7,42.86,1.494,13.52,41.46,28.9,-14.51,0,7,0
3006,晶豪科,2967595983,12,41.67,1.489,19.31,60.05,35.82,-17.18,0,12,0
3481,群創,12320718547,13,38.46,1.488,22.19,45.79,33.04,-13.87,0,13,0
1722,台肥,135610631,14,42.86,1.488,20.01,22.21,12.65,-6.38,0,14,0
6148,驊宏資,50853164,12,50.0,1.488,21.05,37.47,25.89,-17.4,0,12,0
6191,精成科,1536993651,14,50.0,1.485,27.71,48.3,22.41,-15.09,0,14,0
6505,台塑化,1058742623,10,40.0,1.482,16.63,27.69,18.76,-8.44,0,10,0
3543,州巧,137248474,11,45.45,1.48,19.19,25.34,21.16,-11.91,0,11,0
6538,倉和,91478982,10,50.0,1.476,18.42,49.16,27.14,-18.39,0,10,0
5225,東科-KY,44578838,12,41.67,1.476,20.79,42.0,26.0,-12.58,0,12,0
3498,陽程,210893955,12,41.67,1.475,18.2,27.8,34.85,-16.88,0,12,0
8040,九暘,93184989,10,50.0,1.474,16.26,48.53,32.33,-21.93,0,10,0
6469,大樹,48480274,15,46.67,1.472,27.29,35.65,21.81,-12.96,0,15,0
2455,全新,2563993666,16,43.75,1.472,28.42,47.56,32.73,-17.29,0,16,0
3093,港建*,81722075,9,55.56,1.471,15.49,47.92,20.9,-17.76,0,9,0
4989,榮科,1048946437,13,38.46,1.469,14.76,59.29,39.01,-16.59,0,13,0
2913,農林,23007706,8,37.5,1.467,11.09,27.76,22.28,-9.11,0,8,0
3356,奇偶,36767488,14,42.86,1.464,26.3,43.85,23.55,-12.07,0,14,0
3535,晶彩科,676133740,9,44.44,1.462,15.61,42.03,31.18,-17.06,0,9,0
1809,中釉,181611833,15,46.67,1.461,27.99,50.46,26.51,-15.88,1,15,0
3024,憶聲,23840524,11,54.55,1.461,20.94,35.66,19.54,-16.05,0,11,0
2031,新光鋼,41932494,11,45.45,1.458,18.36,46.39,23.37,-13.36,0,11,0
1905,華紙,66046386,12,50.0,1.457,21.14,55.56,23.66,-16.24,0,12,0
8043,蜜望實,1182083271,13,38.46,1.453,16.75,64.65,37.5,-16.13,0,13,0
2481,強茂,3131012164,14,42.86,1.442,20.41,55.61,29.6,-15.4,0,14,0
4164,承業醫,40108175,11,45.45,1.441,17.21,32.78,17.23,-9.96,0,11,0
3617,碩天,94504798,11,45.45,1.439,16.6,24.48,20.56,-11.91,0,11,0
4768,晶呈科技,455134562,6,50.0,1.437,8.74,34.68,28.92,-20.12,0,6,0
2211,長榮鋼,118434541,9,55.56,1.435,14.51,26.07,14.9,-12.98,0,9,0
5425,台半,1002416555,10,40.0,1.434,13.07,38.07,34.46,-16.02,0,10,0
6727,亞泰金屬,430459368,9,55.56,1.431,11.54,28.68,22.09,-19.3,0,9,0
2401,凌陽,194573377,12,41.67,1.43,17.91,30.22,26.25,-13.11,0,12,0
2458,義隆,489916008,11,36.36,1.428,16.3,30.86,24.62,-9.85,0,11,0
6277,宏正,20525020,11,45.45,1.428,10.49,11.58,9.23,-5.39,0,11,0
3675,德微,261478530,16,43.75,1.426,15.7,60.92,35.04,-19.11,0,16,0
3372,典範,31407006,11,45.45,1.419,16.16,31.63,25.16,-14.77,0,11,0
3556,禾瑞亞,29889172,15,46.67,1.404,19.27,36.84,17.98,-11.21,0,15,0
6768,志強-KY,76791208,9,55.56,1.401,11.71,30.65,15.21,-13.57,0,9,0
2605,新興,413386267,18,44.44,1.397,18.45,41.22,26.39,-15.11,0,18,0
5483,中美晶,2413666070,16,43.75,1.396,21.16,49.51,24.28,-13.53,0,16,0
8121,越峰,51924024,11,45.45,1.394,8.03,51.64,33.57,-20.07,0,11,0
6122,擎邦,22344374,15,40.0,1.385,16.49,40.46,24.71,-11.9,0,15,0
3048,益登,389829091,12,41.67,1.381,13.19,39.15,21.02,-10.87,2,12,0
4909,新復興,121666280,15,46.67,1.378,11.15,57.35,29.59,-18.79,0,15,0
4919,新唐,1303198946,12,41.67,1.377,3.41,58.77,35.34,-18.33,0,12,0
5234,達興材料,426326623,14,50.0,1.376,15.65,44.38,22.24,-16.16,0,14,0
3653,健策,5622303601,14,42.86,1.374,13.22,49.66,31.48,-17.18,0,14,0
6165,浪凡,38476086,14,42.86,1.373,15.47,49.53,23.99,-13.11,0,14,0
8234,新漢,125361060,14,50.0,1.371,15.12,34.26,19.95,-14.55,0,14,0
5288,豐祥-KY,30764225,12,41.67,1.37,14.57,44.7,19.33,-10.07,0,12,0
8210,勤誠,2313642669,14,42.86,1.369,13.95,53.46,25.63,-14.04,0,14,0
8240,華宏,88112614,17,47.06,1.367,17.7,37.64,18.26,-11.88,0,17,0
6213,聯茂,3682827427,13,38.46,1.363,10.38,59.05,31.81,-14.59,0,13,0
6285,啟碁,3212067911,10,30.0,1.355,6.16,42.08,35.99,-11.39,0,10,0
6409,旭隼,944503064,11,45.45,1.354,11.08,39.8,26.05,-16.03,0,11,0
3090,日電貿,1134201738,14,42.86,1.353,14.03,26.15,17.07,-9.46,0,14,0
3032,偉訓,105869260,16,43.75,1.353,15.39,30.65,21.33,-12.26,0,16,0
6613,朋億*,90454474,13,38.46,1.353,12.87,27.84,18.82,-8.69,0,13,0
9910,豐泰,203916755,7,42.86,1.35,7.01,31.5,24.0,-13.33,0,7,0
7556,意德士科技,21399358,10,50.0,1.349,8.3,26.92,18.59,-13.78,0,10,0
6226,光鼎,84052361,12,41.67,1.344,7.09,45.81,28.55,-15.17,1,12,0
3217,優群,187504778,13,38.46,1.344,10.42,46.73,29.23,-13.59,0,13,0
8271,宇瞻,1134739391,18,44.44,1.341,16.65,42.98,19.84,-11.84,0,18,0
6761,穩得,220737460,9,44.44,1.341,7.76,39.65,23.24,-13.87,0,9,0
3169,亞信,31667143,14,35.71,1.341,1.92,57.32,35.43,-14.67,0,14,0
6561,是方,43932250,12,33.33,1.329,8.16,30.98,21.88,-8.23,0,12,0
3141,晶宏,76914897,14,42.86,1.325,0.87,63.36,32.51,-18.41,0,14,0
8249,菱光,110985334,18,44.44,1.324,11.1,43.56,19.5,-11.78,0,18,0
1608,華榮,264030199,16,43.75,1.324,12.31,35.33,22.83,-13.41,0,16,0
5521,工信,117247587,12,50.0,1.323,10.72,27.78,19.14,-14.46,0,12,0
5243,乙盛-KY,327969306,12,41.67,1.321,8.92,41.81,25.23,-13.64,0,12,0
1305,華夏,77413109,10,40.0,1.32,7.12,34.67,25.78,-13.02,0,10,0
2641,正德,79261520,13,38.46,1.318,0.78,65.85,32.3,-15.31,0,13,0
6215,和椿,280974935,18,50.0,1.316,9.08,49.07,23.73,-18.04,0,18,0
4968,立積,214665365,12,41.67,1.314,2.08,46.53,35.01,-19.04,0,12,0
3537,堡達,106164976,13,46.15,1.314,7.6,37.94,17.81,-11.62,0,13,0
6146,耕興,72441160,11,36.36,1.313,8.68,31.87,23.8,-10.36,0,11,0
2606,裕民,424786208,12,50.0,1.308,5.33,52.69,20.78,-15.89,0,12,0
2324,仁寶,2121543387,16,56.25,1.307,14.09,59.06,12.84,-12.62,0,16,0
2363,矽統,640767320,19,42.11,1.306,8.4,39.18,28.52,-15.89,0,19,0
9933,中鼎,165352963,14,50.0,1.303,11.23,25.19,11.52,-8.84,0,14,0
9945,潤泰新,211746181,13,46.15,1.3,11.21,27.87,14.68,-9.68,0,13,0
1304,台聚,128089615,8,37.5,1.298,4.33,26.31,26.77,-12.37,0,8,0
6579,研揚,67407212,15,46.67,1.297,10.4,33.1,17.91,-12.09,0,15,0
8155,博智,531189864,13,38.46,1.296,2.41,51.9,33.57,-16.19,0,13,0
2889,國票金,85505940,14,50.0,1.29,9.38,27.71,9.09,-7.05,0,14,0
3454,晶睿,33994520,11,36.36,1.288,3.37,40.28,24.64,-10.93,0,11,0
8070,長華*,269851536,12,41.67,1.287,8.17,33.11,17.41,-9.66,0,12,0
8454,富邦媒,209594480,10,50.0,1.285,4.49,29.35,20.77,-16.16,0,10,0
1409,新纖,299845745,13,38.46,1.283,7.41,21.56,20.44,-9.96,0,13,0
3264,欣銓,1748545849,15,46.67,1.281,9.92,38.32,18.92,-12.93,0,15,0
3406,玉晶光,1186740059,15,40.0,1.275,3.62,57.83,28.76,-15.03,0,15,0
8086,宏捷科,641364696,9,44.44,1.272,0.89,32.98,28.66,-18.03,0,9,0
6412,群電,160236675,12,41.67,1.27,5.32,31.03,20.04,-11.27,0,12,0
6175,立敦,413906377,12,41.67,1.266,-2.97,47.5,30.71,-17.33,0,12,0
3040,遠見,21842059,10,50.0,1.266,4.65,27.0,14.24,-11.25,0,10,0
3615,安可,122110244,17,47.06,1.266,1.86,44.28,24.12,-16.93,0,17,0
1310,台苯,56394675,10,40.0,1.263,5.24,44.93,21.18,-11.18,0,10,0
3645,達邁,564023484,13,38.46,1.261,0.6,38.15,28.39,-14.07,0,13,0
8104,錸寶,76186251,11,45.45,1.259,2.09,62.02,24.39,-16.15,0,11,0
1618,合機,61063527,20,40.0,1.255,3.43,53.85,27.01,-14.35,0,20,0
6415,矽力*-KY,2057798120,13,38.46,1.254,-9.9,64.66,40.0,-19.94,0,13,0
8028,昇陽半導體,2158167449,13,46.15,1.251,-4.37,57.56,28.04,-19.21,0,13,0
6451,訊芯-KY,1297022156,12,41.67,1.249,-4.13,32.98,30.7,-17.56,0,12,0
3703,欣陸,25941565,9,44.44,1.248,3.11,22.22,20.13,-12.91,0,9,0
2801,彰銀,498743346,13,46.15,1.247,6.41,15.82,7.42,-5.1,0,13,0
6182,合晶,2899910028,13,38.46,1.247,-2.06,49.51,29.94,-15.01,0,13,0
6684,安格,31403863,6,33.33,1.243,-3.47,45.35,40.06,-16.12,0,6,0
1319,東陽,333634449,12,41.67,1.241,3.83,42.9,22.69,-13.06,0,12,0
3701,大眾控,246304996,10,40.0,1.231,-8.38,53.47,35.6,-19.28,1,10,0
2637,慧洋-KY,346171673,14,50.0,1.231,0.36,47.61,20.57,-16.71,0,14,0
1810,和成,130728559,17,41.18,1.229,1.09,50.64,24.1,-13.72,0,17,0
6643,M31,396639990,9,44.44,1.226,-6.71,50.88,32.36,-21.12,0,9,0
2421,建準,792990378,12,41.67,1.221,0.85,35.11,24.28,-14.2,0,12,0
2542,興富發,335168861,12,41.67,1.22,5.04,17.13,10.82,-6.34,0,12,0
4720,德淵,52341489,14,42.86,1.22,-0.57,27.54,22.92,-14.09,1,14,0
8215,明基材,54461187,14,42.86,1.219,-0.93,39.65,23.46,-14.43,0,14,0
6596,寬宏藝術,70907090,14,42.86,1.214,3.42,38.39,18.52,-11.44,0,14,0
9941,裕融,135902332,12,41.67,1.214,4.56,26.53,12.62,-7.42,0,12,0
6532,瑞耘,59731943,13,38.46,1.208,-4.78,49.48,28.99,-15.01,0,13,0
1402,遠東新,498995695,11,45.45,1.206,4.42,24.14,10.86,-7.5,0,11,0
8464,億豐,365864531,11,36.36,1.205,-1.48,42.65,26.68,-12.65,0,11,0
6416,瑞祺電通,33188572,12,41.67,1.203,-1.01,40.25,22.17,-13.16,0,12,0
6155,鈞寶,344495588,14,35.71,1.2,-2.06,43.3,26.14,-12.1,0,14,0
8027,鈦昇,683948855,11,45.45,1.195,-9.37,41.37,29.41,-20.52,0,11,0
1616,億泰,52009088,17,47.06,1.191,-4.1,41.47,21.7,-16.19,0,17,0
4541,晟田,245788550,15,40.0,1.19,-8.99,42.38,27.99,-15.68,0,15,0
1104,環泥,31376243,17,41.18,1.188,5.79,24.63,11.55,-6.81,0,17,0
4960,誠美材,165065187,12,41.67,1.187,-2.67,43.73,22.28,-13.41,0,12,0
2206,三陽工業,60984416,17,41.18,1.184,1.27,41.39,16.42,-9.71,0,17,0
5904,寶雅*,256688876,12,33.33,1.184,-3.27,43.78,26.22,-11.07,0,12,0
6176,瑞儀,468692868,11,45.45,1.183,3.05,23.9,13.63,-9.6,0,11,0
8182,加高,78438651,13,38.46,1.18,0.44,30.44,19.84,-10.51,0,13,0
3105,穩懋,7726556620,13,30.77,1.179,-11.09,65.19,36.99,-13.94,0,13,0
3305,昇貿,1167636753,19,36.84,1.178,-7.99,71.13,26.97,-13.35,1,19,0
5291,邑昇,85034074,14,35.71,1.175,-4.23,28.18,23.79,-11.25,0,14,0
3033,威健,296983497,19,42.11,1.173,1.68,50.6,15.61,-9.68,0,19,0
8374,羅昇,100109135,13,46.15,1.172,-5.37,47.17,19.98,-14.61,0,13,0
1904,正隆,43079471,15,46.67,1.17,0.9,52.47,15.07,-11.27,0,15,0
3046,建碁,23329359,13,46.15,1.165,-10.53,55.67,24.24,-17.83,1,13,0
1597,直得,207296715,10,50.0,1.163,-8.36,40.53,23.26,-20.0,0,10,0
4912,聯德控股-KY,55506172,11,45.45,1.163,-3.77,45.97,20.44,-14.65,0,11,0
2327,國巨*,19504166353,14,42.86,1.162,-4.9,47.67,21.56,-13.92,0,14,0
3218,大學光,36675262,12,33.33,1.16,-8.72,59.63,31.46,-13.56,0,12,0
6227,茂綸,71598822,15,40.0,1.157,-11.21,37.98,26.0,-14.98,0,15,0
3594,磐儀,37282325,10,40.0,1.156,-4.59,26.48,25.01,-14.42,0,10,0
1595,川寶,56677295,14,42.86,1.154,-6.73,44.86,20.53,-13.34,0,14,0
6016,康和證,136365738,20,45.0,1.152,0.21,50.3,13.74,-9.76,0,20,0
2610,華航,725032194,14,42.86,1.15,-4.45,48.0,21.1,-13.76,0,14,0
3010,華立,164756487,16,43.75,1.148,2.2,33.04,11.88,-8.05,0,16,0
8048,德勝,49984628,14,42.86,1.147,-6.21,50.04,20.72,-13.56,0,14,0
2359,所羅門,625272499,13,38.46,1.147,-13.44,44.41,28.06,-15.29,0,13,0
2454,聯發科,24883528932,15,40.0,1.147,-5.04,37.11,21.95,-12.75,0,15,0
1786,科妍,35209621,15,33.33,1.139,-5.03,41.18,24.51,-10.76,0,15,0
2302,麗正,111438907,17,41.18,1.138,-14.21,63.63,26.01,-16.0,0,17,0
8096,擎亞,1015170416,14,28.57,1.13,-20.78,57.22,42.02,-14.88,0,14,0
2630,亞航,258534328,18,44.44,1.127,-14.83,52.69,23.11,-16.4,0,18,0
8091,翔名,139431720,15,46.67,1.127,-6.69,63.41,17.8,-13.81,0,15,0
2426,鼎元,718135483,13,38.46,1.126,-13.17,69.57,28.4,-15.76,0,13,0
2612,中航,96779771,16,43.75,1.125,-8.93,55.07,19.69,-13.61,2,16,0
6591,動力-KY,56932018,12,41.67,1.124,-9.37,36.32,24.13,-15.33,0,12,0
6485,點序,197970702,13,46.15,1.123,-20.07,53.01,28.51,-21.76,1,13,0
3213,茂訊,82593645,14,42.86,1.123,-0.86,23.7,13.58,-9.07,0,14,0
8112,至上,2055345320,12,50.0,1.122,-1.73,38.96,12.65,-11.28,0,12,0
3051,力特,45283585,18,38.89,1.121,-21.83,65.81,30.56,-17.35,1,18,0
6870,騰雲,26327686,7,42.86,1.12,-10.89,33.15,29.88,-20.0,0,7,0
5340,建榮,474545784,7,42.86,1.12,-13.33,37.42,32.22,-21.57,0,7,0
2897,王道銀行,37229601,18,38.89,1.119,1.96,27.36,9.45,-5.37,0,18,0
1477,聚陽,475902538,9,33.33,1.116,-7.83,40.72,29.39,-13.17,0,9,0
1802,台玻,4697939318,17,35.29,1.113,-23.7,73.25,33.28,-16.31,0,17,0
4142,國光生,37163702,9,33.33,1.112,-8.74,57.37,29.26,-13.16,0,9,0
5309,系統電,871643605,14,42.86,1.109,-18.39,67.17,26.85,-18.16,0,14,0
2247,汎德永業,30809955,10,40.0,1.106,0.31,30.17,10.9,-6.57,0,10,0
6125,廣運,152145936,16,43.75,1.104,-18.22,46.96,24.69,-17.39,0,16,0
3441,聯一光電,292242002,7,28.57,1.1,-15.78,53.62,44.79,-16.28,0,7,0
6192,巨路,33742369,13,46.15,1.1,-0.73,27.19,11.45,-8.93,0,13,0
6231,系微,246554422,13,38.46,1.098,-22.64,55.29,33.0,-18.78,0,13,0
6112,邁達特,50462084,16,31.25,1.098,-12.44,39.73,24.2,-10.02,0,16,0
6491,晶碩,130168533,15,40.0,1.096,-15.23,61.79,23.64,-14.38,0,15,0
3015,全漢,61143550,18,38.89,1.095,-5.15,53.87,16.22,-9.43,0,18,0
3588,通嘉,43719378,14,35.71,1.09,-23.21,71.1,33.9,-17.28,0,14,0
4114,健喬,32731415,9,33.33,1.087,-5.52,37.0,22.06,-10.15,0,9,0
6104,創惟,155394431,10,30.0,1.085,-19.01,39.99,38.81,-15.33,1,10,0
2014,中鴻,128459614,12,33.33,1.081,-15.42,59.74,29.09,-13.46,0,12,0
6245,立端,79854729,11,27.27,1.076,-10.75,41.46,30.32,-10.57,0,11,0
5484,慧友,27505261,15,40.0,1.076,-21.78,53.25,26.9,-16.66,0,15,0
6126,信音,83765220,19,42.11,1.075,-16.87,35.37,21.44,-14.51,0,19,0
3694,海華,147106197,13,38.46,1.074,-19.54,48.41,29.15,-16.97,0,13,0
3025,星通,67819650,11,36.36,1.073,-21.54,42.63,33.94,-18.08,0,11,0
5292,華懋,55907348,8,37.5,1.07,-4.92,17.47,19.23,-10.79,0,8,0
2425,承啟,62068287,8,37.5,1.065,-8.35,43.78,23.4,-13.19,0,8,0
3704,合勤控,192629485,14,35.71,1.064,-19.46,64.78,29.42,-15.36,0,14,0
2103,台橡,111690779,8,37.5,1.062,-8.33,20.17,23.15,-13.08,0,8,0
6244,茂迪,282123975,6,50.0,1.061,-14.85,35.39,25.67,-24.2,0,6,0
6263,普萊德,28099476,11,36.36,1.061,-3.03,23.6,12.06,-6.5,0,11,0
3086,華義*,30744860,10,40.0,1.059,-29.6,62.49,37.01,-23.3,1,10,0
6235,華孚,107747489,16,37.5,1.058,-29.33,64.38,31.3,-17.75,0,16,0
1440,南紡,30588261,12,41.67,1.057,-12.76,52.0,19.6,-13.24,1,12,0
3147,大綜,122555994,14,42.86,1.053,-14.24,35.11,20.33,-14.48,0,14,0
1312,國喬,175320370,8,37.5,1.046,-11.09,44.47,25.41,-14.58,1,8,0
1232,大統益,21582219,13,46.15,1.043,-1.4,25.81,7.08,-5.82,0,13,0
3379,彬台,24350928,12,41.67,1.042,-15.35,35.53,21.3,-14.6,0,12,0
6873,泓德能源,89906924,5,40.0,1.041,-9.06,43.78,27.22,-17.43,0,5,0
3094,聯傑,56812081,12,41.67,1.041,-18.18,47.39,22.99,-15.78,0,12,0
2489,瑞軒,848177599,13,53.85,1.04,-17.67,41.53,16.4,-18.41,0,13,0
3002,歐格,37108286,16,37.5,1.038,-10.72,41.51,17.86,-10.32,0,16,0
3374,精材,2269953606,15,40.0,1.037,-26.02,63.17,26.96,-17.34,0,15,0
6133,金橋,63596747,12,33.33,1.034,-18.63,54.7,26.99,-13.05,0,12,0
2392,正崴,106363549,10,40.0,1.033,-6.66,28.47,16.08,-10.38,0,10,0
3230,錦明,57435419,11,36.36,1.032,-24.4,59.87,32.64,-18.07,0,11,0
3014,聯陽,184010984,15,40.0,1.028,-18.22,44.99,21.5,-13.94,0,15,0
2464,盟立,1229025272,16,37.5,1.028,-24.4,50.51,23.23,-13.56,0,16,0
1721,三晃,61912185,12,41.67,1.028,-24.89,48.11,26.25,-18.24,2,12,0
2406,國碩,576122084,12,33.33,1.025,-22.41,40.72,31.43,-15.34,0,12,0
4938,和碩,1026089099,14,35.71,1.02,-6.53,23.21,14.13,-7.69,0,14,0
6150,撼訊,41525190,10,40.0,1.02,-24.9,42.51,30.48,-19.91,0,10,0
3691,碩禾,165794801,12,41.67,1.017,-23.71,56.25,26.15,-18.36,1,12,0
3388,崇越電,72816605,13,38.46,1.016,-1.71,12.3,7.24,-4.45,0,13,0
3490,單井,52617176,12,41.67,1.011,-22.9,44.06,24.98,-17.66,0,12,0
8162,微矽電子-創,21502425,6,33.33,1.01,-9.91,26.6,26.64,-13.19,0,6,0
6218,豪勉,35635997,13,38.46,1.009,-19.88,34.22,21.38,-13.24,0,13,0
7402,邑錡,195660746,12,33.33,1.008,-24.39,53.1,30.73,-15.25,0,12,0
4934,太極,28744868,10,40.0,1.008,-24.13,57.79,29.44,-19.46,0,10,0
3548,兆利,54294276,11,36.36,1.007,-21.34,48.77,26.68,-15.14,0,11,0
1313,聯成,75302770,15,40.0,1.005,-19.44,60.45,20.04,-13.29,0,15,0
6290,良維,1531320968,16,37.5,1.003,-20.55,53.02,21.72,-12.99,0,16,0
3338,泰碩,83759664,12,33.33,1.003,-21.4,47.04,29.04,-14.47,0,12,0
2399,映泰,336961403,16,31.25,1.0,-33.72,58.73,34.38,-15.63,0,16,0
2413,環科,209595774,14,35.71,0.997,-30.56,63.33,30.61,-17.06,0,14,0
4953,緯致,66385290,9,33.33,0.991,-9.88,35.8,20.52,-10.35,0,9,0
6270,倍微,30715592,21,42.86,0.989,-21.15,48.93,15.44,-11.71,0,21,0
1609,大亞,332270758,14,35.71,0.988,-22.68,49.97,24.76,-13.91,0,14,0
3209,全科,111135737,19,31.58,0.986,-13.88,54.09,17.2,-8.05,0,19,0
1569,濱川,112262920,9,33.33,0.985,-20.4,37.95,29.04,-14.74,0,9,0
1515,力山,37001165,10,30.0,0.981,-15.08,42.82,26.46,-11.56,0,10,0
4755,三福化,79067377,19,36.84,0.98,-32.94,66.59,23.77,-14.14,0,19,0
4721,美琪瑪,102166558,11,36.36,0.979,-24.34,50.73,28.15,-16.42,0,11,0
1476,儒鴻,463672163,9,33.33,0.974,-10.5,35.44,20.53,-10.54,0,9,0
6121,新普,282308460,14,35.71,0.972,-12.25,31.16,16.34,-9.33,0,14,0
4576,大銀微系統,407578866,12,33.33,0.972,-26.06,65.62,29.42,-15.13,0,12,0
3047,訊舟,46021729,15,33.33,0.969,-31.93,59.32,29.01,-14.97,0,15,0
5469,瀚宇博,707686771,21,38.1,0.967,-27.23,45.23,19.63,-12.49,0,21,0
4764,雙鍵,414580649,11,18.18,0.967,-29.17,50.02,51.28,-11.78,1,11,0
3390,旭軟,20660683,10,40.0,0.966,-18.66,57.18,22.47,-15.51,0,10,0
6015,宏遠證,39700306,14,42.86,0.965,-21.02,61.5,17.19,-13.36,0,14,0
1314,中石化,329378276,13,30.77,0.958,-13.63,46.2,18.88,-8.76,0,13,0
6134,萬旭,38392349,18,33.33,0.957,-40.54,61.7,30.76,-16.07,0,18,0
8438,昶昕,72506523,8,37.5,0.956,-19.1,31.66,24.09,-15.12,0,8,0
6672,騰輝電子-KY,749592380,12,33.33,0.95,-27.77,53.94,28.78,-15.14,0,12,0
3528,安馳,43811112,17,35.29,0.949,-15.81,49.32,14.79,-8.5,0,17,0
1434,福懋,53298085,7,28.57,0.948,-6.09,31.74,17.38,-7.33,0,7,0
4526,東台,200734326,14,35.71,0.947,-25.19,43.07,22.65,-13.29,0,14,0
8183,精星,20752899,11,27.27,0.939,-26.87,58.7,34.53,-13.79,0,11,0
5452,佶優,75636362,12,41.67,0.938,-27.21,50.76,21.98,-16.75,0,12,0
5471,松翰,109224469,14,35.71,0.936,-23.79,58.11,21.29,-12.64,0,14,0
4961,天鈺,144916608,9,33.33,0.934,-23.88,54.6,27.79,-14.88,0,9,0
4952,凌通,38883195,15,40.0,0.933,-24.97,45.56,19.04,-13.61,0,15,0
8038,長園科,46703831,10,30.0,0.932,-26.63,37.5,33.2,-15.27,1,10,0
6558,興能高,67495732,11,27.27,0.932,-31.05,40.42,37.84,-15.22,0,11,0
6143,振曜,141349293,16,37.5,0.931,-33.83,45.15,24.18,-15.58,0,16,0
5474,聰泰,75644716,14,42.86,0.93,-30.33,38.32,20.66,-16.67,0,14,0
6188,廣明,386419626,15,40.0,0.929,-29.8,51.75,21.21,-15.23,0,15,0
1528,恩德,199217406,12,41.67,0.926,-27.65,50.27,21.58,-16.65,0,12,0
6533,晶心科,220420587,11,27.27,0.926,-33.74,72.35,39.63,-16.04,0,11,0
6168,宏齊,118338045,15,33.33,0.925,-32.52,66.62,26.57,-14.37,1,15,0
4562,穎漢,33745328,8,37.5,0.923,-30.81,60.49,32.06,-20.84,2,8,0
2371,大同,740083089,11,36.36,0.921,-21.02,36.12,21.99,-13.64,0,11,0
5347,世界,3336709607,18,38.89,0.919,-38.66,63.85,22.88,-15.85,0,18,0
3317,尼克森,196589618,12,33.33,0.917,-28.48,51.93,27.28,-14.88,0,12,0
6411,晶焱,92601473,12,33.33,0.914,-30.05,66.82,27.35,-14.96,0,12,0
2492,華新科,2972279493,8,37.5,0.913,-18.31,33.48,22.64,-14.88,0,8,0
2049,上銀,1455142038,15,33.33,0.903,-34.21,56.53,25.96,-14.37,0,15,0
3078,僑威,95195192,11,36.36,0.901,-28.51,54.71,25.15,-15.94,0,11,0
8473,山林水,47075613,13,30.77,0.9,-18.99,33.45,19.36,-9.56,0,13,0
6208,日揚,52364314,14,42.86,0.898,-23.88,45.3,15.33,-12.8,1,14,0
6138,茂達,326487634,14,35.71,0.897,-37.21,57.94,26.72,-16.56,0,14,0
6189,豐藝,57284548,16,43.75,0.897,-13.44,38.45,8.86,-7.68,0,16,0
8462,柏文,25465299,14,28.57,0.893,-21.96,26.42,22.02,-9.86,0,14,0
6186,新潤,31787127,11,36.36,0.893,-11.72,21.74,12.6,-8.06,0,11,0
4167,松瑞藥,23536958,12,33.33,0.893,-26.52,48.61,24.1,-13.5,0,12,0
6706,惠特,784573932,10,30.0,0.891,-43.39,72.21,42.37,-20.39,0,10,0
3455,由田,331602106,15,33.33,0.89,-32.9,63.52,23.27,-13.08,0,15,0
2405,輔信,54494541,12,33.33,0.889,-27.57,38.82,24.68,-13.89,0,12,0
3004,豐達科,122735836,16,31.25,0.888,-27.33,39.57,21.53,-11.02,0,16,0
2466,冠西電,81265888,18,33.33,0.886,-28.62,46.9,16.92,-9.54,0,18,0
3323,加百裕,178264070,11,27.27,0.886,-25.84,45.41,28.32,-11.99,0,11,0
6462,神盾,255004422,9,33.33,0.886,-26.33,50.84,27.68,-15.63,0,9,0
2388,威盛,501390846,10,30.0,0.885,-33.8,53.7,35.09,-17.0,0,10,0
6199,天品,49345451,13,38.46,0.881,-34.29,57.88,23.32,-16.55,1,13,0
3029,零壹,149527503,17,35.29,0.878,-27.95,45.72,17.48,-10.86,0,17,0
3016,嘉晶,586459361,15,33.33,0.874,-43.92,57.95,29.35,-16.79,0,15,0
8213,志超,29808679,11,36.36,0.874,-13.82,31.1,13.87,-9.06,0,11,0
8034,榮群,31534968,16,37.5,0.872,-43.39,57.9,24.97,-17.17,0,16,0
4157,太景*-KY,26334529,13,30.77,0.867,-34.53,62.28,27.93,-14.33,0,13,0
4551,智伸科,152467309,7,28.57,0.867,-22.76,48.87,32.87,-15.17,0,7,0
2419,仲琦,117148083,16,37.5,0.865,-32.08,39.41,18.92,-13.12,0,16,0
2316,楠梓電,894179944,15,40.0,0.863,-34.93,59.68,19.33,-14.94,0,15,0
6234,高僑,66342615,14,35.71,0.858,-34.28,57.36,22.3,-14.43,0,14,0
3362,先進光,414206219,14,28.57,0.858,-49.85,62.28,37.22,-17.35,0,14,0
3221,台嘉碩,259243677,13,30.77,0.855,-41.96,47.9,30.76,-15.99,0,13,0
2340,台亞,216195875,11,36.36,0.854,-31.9,63.35,23.96,-16.04,0,11,0
3530,晶相光,31872967,12,33.33,0.854,-33.2,50.43,25.58,-14.98,0,12,0
2352,佳世達,265414845,13,38.46,0.849,-23.63,49.52,15.99,-11.78,0,13,0
2731,雄獅,147661054,13,30.77,0.849,-29.11,48.62,22.99,-12.04,0,13,0
3628,盈正,56945405,14,35.71,0.848,-32.14,41.9,20.37,-13.35,0,14,0
2228,劍麟,101811616,12,33.33,0.846,-24.38,30.74,19.66,-11.62,0,12,0
3019,亞光,1053890805,14,35.71,0.845,-30.76,56.06,18.81,-12.37,0,14,0
3483,力致,75553784,12,33.33,0.844,-39.87,51.33,29.49,-17.46,0,12,0
6811,宏碁資訊,34737864,5,20.0,0.843,-13.89,37.01,36.71,-10.88,0,5,0
2349,錸德,86694124,11,36.36,0.84,-31.33,52.77,22.84,-15.53,0,11,0
3624,光頡,498063614,16,31.25,0.837,-49.93,73.73,30.48,-16.55,0,16,0
3443,創意,8467246412,18,33.33,0.836,-56.04,79.35,30.19,-18.05,0,18,0
6756,威鋒電子,23428837,5,40.0,0.835,-16.04,27.62,20.98,-16.75,0,5,0
3003,健和興,42867733,15,33.33,0.835,-34.42,47.84,21.56,-12.91,0,15,0
6535,順藥,72630577,17,35.29,0.831,-47.97,54.96,24.79,-16.27,1,17,0
9955,佳龍,39621269,13,38.46,0.827,-39.44,61.49,22.9,-17.31,1,13,0
4958,臻鼎-KY,10043642064,11,36.36,0.826,-27.45,27.66,19.67,-13.6,0,11,0
2545,皇翔,20987779,14,35.71,0.821,-20.14,28.47,13.0,-8.79,0,14,0
3303,岱稜,27433905,17,35.29,0.821,-31.41,54.6,15.6,-10.36,0,17,0
4105,東洋,61585200,11,36.36,0.817,-14.74,22.51,10.89,-7.61,0,11,0
3596,智易,257078877,17,35.29,0.814,-36.78,53.51,18.94,-12.7,0,17,0
1711,永光,528015922,13,30.77,0.812,-44.3,67.4,29.64,-16.23,0,13,0
1102,亞泥,399918942,10,40.0,0.811,-11.44,28.94,8.96,-7.37,0,10,0
3515,華擎,243008641,17,29.41,0.811,-54.29,74.38,31.54,-16.2,0,17,0
6166,凌華,192198327,16,31.25,0.808,-42.45,50.14,24.02,-13.52,0,16,0
8088,品安,425098892,15,33.33,0.807,-46.57,56.01,25.76,-15.97,0,15,0
3202,樺晟,32873155,7,28.57,0.806,-24.89,44.97,30.14,-14.96,0,7,0
2208,台船,216359174,10,30.0,0.803,-26.28,58.16,23.05,-12.3,0,10,0
2362,藍天,48924524,16,31.25,0.8,-29.61,39.42,16.93,-9.62,0,16,0
2495,普安,300184560,14,28.57,0.799,-41.23,57.07,27.37,-13.71,0,14,0
5457,宣德,31952519,13,30.77,0.797,-38.65,68.17,25.77,-14.36,0,13,0
2903,遠百,61895594,12,41.67,0.796,-15.58,33.66,9.3,-8.35,0,12,0
4908,前鼎,315876074,13,30.77,0.794,-49.87,48.7,31.84,-17.81,0,13,0
6834,天二科技,144845825,6,33.33,0.793,-19.09,41.65,22.3,-14.07,1,6,0
2888,新光金,1496648081,12,33.33,0.79,-17.09,14.03,12.25,-7.76,0,12,0
6667,信紘科,195906864,18,33.33,0.79,-51.64,61.2,24.55,-15.54,0,18,0
6829,千附精密,160808778,6,33.33,0.786,-25.35,37.35,27.21,-17.32,0,6,0
3708,上緯投控,268093874,11,36.36,0.785,-41.41,65.94,25.3,-18.41,0,11,0
6108,競國,21359905,15,33.33,0.783,-26.18,27.7,14.53,-9.27,1,15,0
6698,旭暉應材,20139354,11,36.36,0.783,-33.57,50.7,20.95,-15.28,0,11,0
8935,邦泰,20500623,11,36.36,0.778,-30.28,37.92,18.23,-13.38,0,11,0
1591,駿吉-KY,22314571,12,33.33,0.777,-39.79,49.0,24.66,-15.87,0,12,0
5410,國眾,28904008,12,33.33,0.775,-21.56,43.96,13.99,-9.03,0,12,0
5285,界霖,108334087,11,36.36,0.774,-34.15,42.5,20.58,-15.19,0,11,0
6174,安碁,62806200,10,40.0,0.772,-39.61,51.28,22.23,-19.2,0,10,0
6609,瀧澤科,21026330,15,33.33,0.766,-40.58,59.78,19.87,-12.97,0,15,0
1710,東聯,86184252,9,33.33,0.759,-21.03,37.19,16.63,-10.96,0,9,0
2617,台航,32318892,14,42.86,0.757,-35.75,51.9,14.23,-14.09,1,14,0
6209,今國光,697746689,15,33.33,0.754,-52.75,58.19,25.01,-16.59,0,15,0
6275,元山,43963020,17,29.41,0.752,-43.68,50.58,22.02,-12.21,0,17,0
8476,台境*,20269279,15,26.67,0.746,-40.89,59.5,24.0,-11.7,0,15,0
6456,GIS-KY,393165640,11,27.27,0.746,-36.56,45.34,26.53,-13.34,0,11,0
3558,神準,42240010,14,28.57,0.745,-50.95,56.2,29.22,-15.69,0,14,0
3437,榮創,40924446,11,27.27,0.738,-41.95,50.01,29.6,-15.04,0,11,0
6588,東典光電,187434090,11,27.27,0.738,-40.96,36.05,27.44,-13.94,0,11,0
3236,千如,279404761,12,25.0,0.734,-44.65,53.58,31.48,-14.3,0,12,0
2027,大成鋼,858969474,10,30.0,0.729,-34.05,57.9,23.4,-13.75,0,10,0
6271,同欣電,1221012837,15,26.67,0.726,-57.74,68.42,32.73,-16.39,0,15,0
3689,湧德,398732453,14,35.71,0.726,-47.6,64.88,21.27,-16.28,0,14,0
8105,凌巨,99268346,14,28.57,0.724,-47.12,60.51,25.82,-14.26,0,14,0
6120,達運,47030310,8,37.5,0.722,-31.85,45.36,20.8,-17.27,0,8,0
6426,統新,334558468,15,26.67,0.721,-59.91,61.65,33.34,-16.82,0,15,0
4707,磐亞,59033997,13,38.46,0.717,-23.61,22.66,10.26,-8.94,1,13,0
4903,聯光通,197511362,13,30.77,0.715,-55.69,63.25,29.62,-18.42,0,13,0
4927,泰鼎-KY,455618180,13,30.77,0.714,-49.52,75.06,25.51,-15.88,0,13,0
6443,元晶,1354819701,9,22.22,0.712,-47.04,71.98,42.7,-17.13,0,9,0
4147,中裕,67483810,11,27.27,0.711,-34.37,36.45,22.97,-12.12,0,11,0
2338,光罩,189895451,11,27.27,0.711,-46.69,58.98,30.99,-16.34,0,11,0
6279,胡連,78590864,8,37.5,0.709,-28.77,48.45,18.18,-15.38,0,8,0
6472,保瑞,561712897,14,28.57,0.707,-55.3,49.09,29.35,-16.6,0,14,0
6568,宏觀,108474234,13,30.77,0.706,-50.41,59.79,25.69,-16.17,0,13,0
9904,寶成,421598246,13,30.77,0.705,-27.37,33.52,14.36,-9.06,0,13,0
4746,台耀,42141644,12,33.33,0.701,-49.25,57.51,24.71,-17.64,0,12,0
3413,京鼎,678505026,18,33.33,0.7,-54.07,70.0,19.98,-14.27,0,18,0
5263,智崴,28848193,15,33.33,0.695,-42.81,48.22,17.48,-12.58,0,15,0
1587,吉茂,44809901,14,28.57,0.695,-44.51,61.49,22.15,-12.74,0,14,0
6477,安集,88024563,11,27.27,0.693,-43.65,64.63,26.86,-14.53,0,11,0
1316,上曜,52733643,11,27.27,0.688,-39.37,44.19,24.3,-13.25,0,11,0
6205,詮欣,127979316,16,25.0,0.687,-56.7,74.36,28.84,-13.99,0,16,0
2354,鴻準,664799677,10,30.0,0.685,-27.14,32.35,16.43,-10.28,0,10,0
5426,振發,24376477,11,27.27,0.685,-41.85,51.28,24.57,-13.45,0,11,0
6179,亞通,61877367,12,25.0,0.683,-36.84,48.14,22.86,-11.16,0,12,0
6156,松上,27563151,15,33.33,0.682,-52.6,64.41,21.3,-15.61,0,15,0
3580,友威科,99748888,13,30.77,0.68,-53.41,77.65,25.66,-16.76,0,13,0
8011,台通,31635689,12,25.0,0.676,-46.51,56.28,28.84,-14.21,0,12,0
1909,榮成,34808531,11,27.27,0.674,-35.47,53.09,20.65,-11.5,0,11,0
2707,晶華,31478339,8,25.0,0.673,-22.05,35.31,18.6,-9.2,0,8,0
8431,匯鑽科,103926176,9,33.33,0.671,-36.66,40.78,20.99,-15.64,0,9,0
4741,泓瀚,31286433,7,28.57,0.669,-28.69,27.9,21.89,-13.08,1,7,0
4123,晟德,114494492,11,27.27,0.666,-36.3,55.45,21.2,-11.94,0,11,0
5299,杰力,45849028,12,25.0,0.664,-43.16,59.6,25.56,-12.82,0,12,0
8436,大江,84495936,10,20.0,0.661,-35.05,53.6,29.27,-11.08,0,10,0
6224,聚鼎,60701837,16,31.25,0.661,-54.2,76.67,20.84,-14.33,0,16,0
1723,中碳,62634453,12,33.33,0.66,-20.74,39.55,9.32,-7.06,1,12,0
5386,青雲,376781005,15,26.67,0.658,-63.86,68.9,31.24,-17.27,1,15,0
2023,燁輝,26938667,11,27.27,0.657,-36.51,55.14,20.27,-11.57,0,11,0
2393,億光,207156990,13,30.77,0.654,-37.01,47.27,16.21,-11.02,0,13,0
3059,華晶科,359432081,15,26.67,0.653,-55.28,69.26,25.79,-14.37,0,15,0
5493,三聯,24600798,16,43.75,0.65,-43.66,62.25,11.12,-13.3,0,16,0
2634,漢翔,1413610760,15,33.33,0.645,-40.75,53.33,14.42,-11.18,0,15,0
3625,西勝,28410745,15,26.67,0.644,-62.03,74.13,28.88,-16.31,0,15,0
4162,智擎,35889527,8,25.0,0.644,-35.25,46.91,27.04,-13.99,0,8,0
1216,統一,950282969,9,33.33,0.643,-16.21,21.44,8.8,-6.84,0,9,0
1789,神隆,24638766,11,36.36,0.643,-34.17,42.26,14.23,-12.64,1,11,0
2727,王品,96529259,10,30.0,0.641,-35.26,49.85,18.82,-12.58,0,10,0
1307,三芳,37109308,11,27.27,0.632,-35.57,27.93,18.41,-10.93,0,11,0
6414,樺漢,514314025,18,27.78,0.632,-51.99,62.92,18.87,-11.49,0,18,0
3041,揚智,41123585,14,28.57,0.63,-63.2,72.52,28.47,-18.08,0,14,0
3630,新鉅科,80886850,11,27.27,0.63,-48.1,41.72,25.94,-15.43,0,11,0
6217,中探針,861664307,12,25.0,0.63,-55.67,61.11,30.47,-16.11,0,12,0
4141,龍燈-KY,44815806,5,40.0,0.629,-16.52,19.48,11.34,-12.02,0,5,0
3062,建漢,182765870,13,30.77,0.627,-52.84,54.05,22.12,-15.69,0,13,0
3257,虹冠電,97075478,13,30.77,0.625,-46.29,50.92,19.08,-13.56,0,13,0
6202,盛群,214403757,9,33.33,0.624,-31.96,40.57,15.87,-12.72,0,9,0
8341,日友,23382109,7,28.57,0.618,-14.41,16.33,10.6,-6.86,0,7,0
3360,尚立,22705825,14,28.57,0.616,-50.93,58.48,20.66,-13.41,0,14,0
4736,泰博,29182188,10,20.0,0.613,-28.89,43.1,20.45,-8.35,0,10,0
1795,美時,901596583,10,20.0,0.608,-44.57,52.09,32.37,-13.31,0,10,0
4533,協易機,111513340,13,30.77,0.608,-43.84,55.33,16.62,-12.15,0,13,0
2241,艾姆勒,47167154,9,33.33,0.607,-38.13,54.25,18.17,-14.96,0,9,0
6541,泰福-KY,34029438,9,22.22,0.604,-45.33,40.2,32.35,-15.31,0,9,0
2547,日勝生,24850261,11,27.27,0.603,-32.26,43.82,15.58,-9.69,0,11,0
6230,尼得科超眾,24258981,13,23.08,0.601,-59.08,54.69,31.34,-15.66,0,13,0
3354,律勝,28647946,13,30.77,0.601,-57.65,63.24,22.43,-16.58,0,13,0
5871,中租-KY,900097805,9,33.33,0.597,-26.4,39.0,12.12,-10.15,0,9,0
5443,均豪,515888579,17,29.41,0.592,-64.66,72.74,21.61,-15.21,0,17,0
3294,英濟,156413728,17,29.41,0.59,-73.85,83.69,26.51,-18.71,0,17,0
5251,天鉞電,26820472,10,30.0,0.589,-55.34,54.28,26.26,-19.1,0,10,0
4540,全球傳動,236678166,10,20.0,0.581,-51.01,43.95,34.43,-14.82,0,10,0
1785,光洋科,1744293967,12,25.0,0.577,-53.62,51.88,25.27,-14.58,1,12,0
2104,國際中橡,42299656,7,28.57,0.576,-25.92,39.2,16.11,-11.2,0,7,0
9938,百和,77919633,10,20.0,0.572,-38.63,46.14,25.23,-11.02,0,10,0
3042,晶技,1855133401,13,30.77,0.572,-53.28,63.51,18.79,-14.6,1,13,0
6163,華電網,314972087,14,28.57,0.57,-61.04,72.43,22.58,-15.84,0,14,0
8050,廣積,64378633,14,21.43,0.57,-51.81,49.46,24.13,-11.54,0,14,0
6776,展碁國際,36165511,13,23.08,0.569,-33.12,40.52,14.55,-7.67,0,13,0
6732,昇佳電子,58268888,5,20.0,0.568,-30.74,26.41,34.75,-15.3,0,5,0
6753,龍德造船,484339603,5,40.0,0.56,-30.5,35.5,16.45,-19.57,0,5,0
4128,中天,34350185,7,14.29,0.557,-38.42,48.2,43.87,-13.13,2,7,0
5222,全訊,136172501,8,25.0,0.556,-40.45,53.55,24.43,-14.64,0,8,0
5608,四維航,62711262,9,22.22,0.556,-53.05,73.52,33.31,-17.1,0,9,0
2453,凌群,47312683,19,26.32,0.555,-66.43,68.95,20.91,-13.47,0,19,0
4510,高鋒,127109078,13,30.77,0.554,-61.4,73.42,21.38,-17.16,0,13,0
1529,樂事綠能,35128867,13,23.08,0.545,-67.51,63.55,32.09,-17.67,0,13,0
5392,能率,332888729,11,27.27,0.543,-50.6,42.43,21.35,-14.74,0,11,0
1101,台泥,810422559,12,33.33,0.541,-23.4,38.31,6.98,-6.45,0,12,0
6153,嘉聯益,111221343,11,18.18,0.541,-48.62,47.35,29.89,-12.28,0,11,0
3138,耀登,304168792,7,28.57,0.531,-41.15,52.2,22.13,-16.66,0,7,0
2337,旺宏,11936911759,15,20.0,0.527,-61.03,63.91,26.64,-12.65,1,15,0
4555,氣立,30605510,11,27.27,0.526,-45.43,40.22,17.78,-12.67,0,11,0
5522,遠雄,91479209,15,26.67,0.514,-42.27,52.76,12.35,-8.74,0,15,0
1507,永大,35493989,5,40.0,0.513,-11.13,14.23,5.5,-7.14,0,5,0
4566,時碩工業,86689953,16,25.0,0.507,-61.34,65.96,19.37,-12.72,0,16,0
6781,AES-KY,1898311462,9,22.22,0.506,-53.2,44.96,29.23,-16.52,0,9,0
5371,中光電,1701703763,11,27.27,0.498,-50.73,56.09,18.62,-14.03,0,11,0
1504,東元,2871357699,13,23.08,0.498,-52.89,59.66,20.12,-12.12,0,13,0
4714,永捷,42676712,8,25.0,0.497,-39.56,34.36,19.88,-13.34,0,8,0
3227,原相,531020248,17,23.53,0.496,-67.79,74.51,22.15,-13.75,0,17,0
2723,美食-KY,28359709,7,28.57,0.494,-37.75,28.57,18.46,-14.94,1,7,0
3491,昇達科,1984928398,11,27.27,0.493,-66.65,70.73,26.19,-19.94,0,11,0
3673,TPK-KY,585981936,14,21.43,0.491,-60.09,55.96,23.41,-13.0,0,14,0
2474,可成,946301771,12,25.0,0.49,-38.88,40.46,13.6,-9.25,0,12,0
6937,天虹,199962014,5,20.0,0.49,-42.5,30.17,38.53,-19.65,0,5,0
3714,富采,751224927,9,22.22,0.489,-44.83,54.79,22.58,-13.18,0,9,0
6418,詠昇,33957224,10,20.0,0.478,-49.2,57.78,24.53,-12.84,0,10,0
2439,美律,215246734,9,22.22,0.474,-37.96,46.32,18.13,-10.92,0,9,0
1536,和大,170515092,11,18.18,0.47,-50.77,55.0,25.58,-12.1,0,11,0
8227,巨有科技,189532128,6,16.67,0.467,-39.3,54.56,33.59,-14.38,0,6,0
6141,柏承,52640410,10,30.0,0.466,-61.77,57.61,21.11,-19.42,2,10,0
6251,定穎,189258023,5,20.0,0.46,-32.17,20.0,25.86,-14.05,0,5,0
6261,久元,149710770,11,18.18,0.452,-43.36,48.34,19.83,-9.76,0,11,0
1227,佳格,29546939,10,20.0,0.445,-24.67,32.55,10.32,-5.8,0,10,0
4739,康普,260012770,10,20.0,0.442,-61.61,58.41,29.13,-16.49,0,10,0
2351,順德,691877298,10,20.0,0.432,-66.74,72.53,31.86,-18.43,0,10,0
3311,閎暉,30465960,14,21.43,0.429,-51.48,59.54,15.6,-9.92,0,14,0
2061,風青,42219585,11,18.18,0.423,-62.27,77.21,28.69,-15.08,0,11,0
4174,浩鼎,26634586,6,16.67,0.416,-43.41,47.73,32.15,-15.47,0,6,0
3504,揚明光,113475479,12,16.67,0.411,-69.91,77.18,32.86,-15.97,0,12,0
6152,百一,37656987,13,23.08,0.407,-67.7,69.06,20.94,-15.44,1,13,0
4923,力士,20594786,5,20.0,0.406,-25.6,30.31,17.51,-10.77,1,5,0
6499,益安,85429402,9,22.22,0.405,-45.5,48.24,17.57,-12.39,1,9,0
4564,元翎,36669229,10,20.0,0.405,-54.24,60.28,22.07,-13.62,0,10,0
2002,中鋼,899953623,9,22.22,0.402,-36.52,44.22,13.27,-9.43,0,9,0
4583,台灣精銳,188399407,8,25.0,0.382,-50.28,55.46,17.8,-15.54,0,8,0
3380,明泰,144382419,17,17.65,0.378,-72.01,71.15,21.97,-12.45,0,17,0
3092,鴻碩,24882388,11,18.18,0.37,-60.1,71.66,22.58,-13.58,0,11,0
5876,上海商銀,359478564,12,16.67,0.369,-37.64,39.62,12.62,-6.84,0,12,0
8071,能率網通,40604040,15,20.0,0.366,-69.88,67.01,19.55,-13.35,0,15,0
2367,燿華,2495071989,14,14.29,0.362,-71.42,68.5,29.48,-13.57,0,14,0
5244,弘凱,31470446,10,20.0,0.359,-53.68,64.5,18.41,-12.83,0,10,0
4549,桓達,29764588,14,21.43,0.358,-53.37,60.4,12.25,-9.34,0,14,0
3049,精金,111461978,16,25.0,0.351,-72.32,73.14,14.66,-13.93,1,16,0
2101,南港,74730968,14,21.43,0.35,-56.25,51.1,13.21,-10.28,0,14,0
2633,台灣高鐵,169202261,8,12.5,0.349,-21.81,17.51,12.23,-5.0,0,8,0
6782,視陽,66500390,7,14.29,0.347,-45.58,57.28,27.4,-13.17,0,7,0
4977,眾達-KY,1220710666,11,18.18,0.342,-70.0,73.92,25.34,-16.45,0,11,0
3508,位速,23913729,12,16.67,0.34,-74.77,70.41,29.04,-17.07,0,12,0
6719,力智,301745797,6,16.67,0.338,-46.7,35.44,26.73,-15.84,0,6,0
8076,伍豐,23233110,12,16.67,0.329,-65.42,71.62,22.33,-13.57,0,12,0
6715,嘉基,228790361,10,20.0,0.325,-73.35,67.89,25.55,-19.64,0,10,0
6288,聯嘉,61435512,11,18.18,0.324,-63.98,66.06,20.9,-14.36,0,11,0
4743,合一,181703345,9,11.11,0.323,-68.25,75.47,44.22,-17.11,0,9,0
5203,訊連,21605089,12,16.67,0.314,-64.88,71.01,20.64,-13.13,1,12,0
6689,伊雲谷,29893954,6,16.67,0.307,-43.58,35.94,21.87,-14.26,0,6,0
6695,芯鼎,74293822,6,16.67,0.293,-56.61,66.23,28.47,-19.46,1,6,0
5534,長虹,80237827,14,21.43,0.291,-40.91,37.81,6.71,-6.28,0,14,0
3546,宇峻,24535883,11,18.18,0.285,-62.61,69.39,17.12,-13.36,0,11,0
2034,允強,34707133,10,20.0,0.28,-54.78,64.93,13.67,-12.2,0,10,0
2397,友通,29676512,15,20.0,0.28,-57.69,57.5,10.14,-9.06,0,15,0
2243,宏旭-KY,20851845,16,12.5,0.278,-89.77,88.22,36.02,-18.52,1,16,0
2498,宏達電,998486709,13,15.38,0.276,-74.09,73.38,22.19,-14.62,0,13,0
3685,元創精密,27093928,7,14.29,0.273,-52.81,56.25,24.33,-14.86,0,7,0
1707,葡萄王,25490887,8,12.5,0.267,-35.08,27.78,14.52,-7.76,0,8,0
2231,為升,167786270,8,12.5,0.265,-63.03,71.69,30.6,-16.48,0,8,0
6269,台郡,291379827,10,10.0,0.261,-63.85,68.75,31.12,-13.26,0,10,0
2912,統一超,685806490,8,12.5,0.212,-33.18,27.11,10.24,-6.9,0,8,0
8044,網家,24448267,8,12.5,0.207,-67.71,68.72,25.36,-17.5,1,8,0
6589,台康生技,58702301,9,11.11,0.182,-75.0,67.1,26.34,-18.12,0,9,0
9802,鈺齊-KY,107642589,9,11.11,0.181,-66.67,60.51,21.53,-14.89,0,9,0
2614,東森,26048469,10,10.0,0.156,-62.78,58.87,16.64,-11.85,0,10,0
8255,朋程,172847380,7,14.29,0.126,-59.22,60.87,11.55,-15.29,0,7,0
6517,保勝光學,57895008,5,0.0,0.0,-54.63,45.75,0.0,-14.41,0,5,0
6823,濾能,23640009,6,0.0,0.0,-61.65,57.75,0.0,-14.67,0,6,0
6712,長聖,60013408,5,0.0,0.0,-40.65,27.1,0.0,-9.71,0,5,0
4569,六方科-KY,23299766,5,0.0,0.0,-62.82,49.99,0.0,-17.82,1,5,0
6799,來頡,40679416,5,0.0,0.0,-66.35,57.93,0.0,-19.53,0,5,0
