code,name,score,big400_pct,大戶400↑4週,千張↑4週,股東人數↓率,avg_lots,vol_ratio,close,chg_pct,vs_52w_high_pct,avg_turnover_20d,lot_cost
3406,玉晶光,9.87,60.09,6.8,8.36,0.149,3.8,2.95,991.0,-5.62,-9.1,4345631493,991000
2421,建準,9.81,64.38,5.35,4.88,0.0913,5.3,3.69,164.5,-2.08,-12.2,811471585,164500
6782,視陽,9.69,52.61,4.52,4.53,0.1283,10.0,2.55,235.0,-1.67,-8.2,159390635,235000
2455,全新,9.68,57.13,5.28,2.51,0.0832,3.0,2.96,525.0,-3.14,-5.4,5920231527,525000
2033,佳大,9.67,77.63,4.02,3.25,0.0628,17.4,3.87,25.55,3.65,-9.4,43861716,25550
6108,競國,9.66,56.11,3.2,6.65,0.1115,2.9,2.91,23.05,-3.56,-13.3,102169409,23050
5292,華懋,9.63,57.19,6.33,3.16,0.0655,6.4,2.35,219.0,-6.61,-9.1,73707502,219000
1717,長興,9.62,69.06,4.49,5.41,0.1108,12.5,2.2,76.8,-4.95,-14.3,1596098660,76800
2464,盟立,9.56,55.69,11.25,10.27,0.1395,2.8,1.55,222.0,9.9,0.0,3336932190,222000
6426,統新,9.46,45.13,5.31,4.12,0.032,2.1,2.13,265.5,3.31,-9.5,570402733,265500
2609,陽明,9.39,61.78,4.39,4.8,0.0414,9.5,1.89,57.8,0.52,-14.1,5196035754,57800
6805,富世達,9.28,63.77,1.88,6.27,0.2544,3.5,1.8,2095.0,-0.71,-14.0,4385067057,2095000
1727,中華化,9.22,59.04,4.59,1.95,0.1103,6.2,1.4,89.2,-5.31,-20.2,538216495,89200
8103,瀚荃,9.22,49.07,6.79,2.86,0.0091,4.1,3.46,121.0,-0.82,,511318068,121000
2606,裕民,9.17,78.95,3.43,2.37,0.1047,18.2,1.39,78.2,4.13,-2.2,783651472,78200
2392,正崴,9.16,50.9,2.67,3.33,0.024,7.8,2.25,45.35,-0.33,,275818740,45350
3008,大立光,9.16,57.13,4.0,0.78,0.1294,1.3,1.76,7150.0,-8.45,-10.6,16008409211,7150000
2615,萬海,9.13,89.64,2.8,2.88,0.1432,30.2,1.3,115.5,3.12,-14.1,4743719642,115500
3450,聯鈞,9.13,48.95,3.37,3.88,0.0267,2.1,1.64,554.0,-7.97,-15.2,6765887940,554000
6213,聯茂,9.1,67.73,4.03,5.39,0.0609,5.4,1.17,512.0,-4.48,-14.5,8779177686,512000
