代碼,產業,檔數,A前段超額%,A後段超額%,A樣本,B布林PF,B檔數,C動能平均%,C筆數,建議排除
22,生技醫療,42,-0.01,-1.71,639,1.481,22,,15,★
32,文化創意,6,-3.1,-0.83,115,1.468,6,,0,★
09,造紙,4,1.03,-5.24,54,,4,,3,
03,塑膠,13,0.38,-5.11,153,2.832,13,,19,
18,貿易百貨,4,-1.31,-4.72,47,,4,,1,
04,紡織纖維,7,-0.85,-4.04,79,1.68,6,,14,
01,水泥,3,-1.87,-3.76,28,,3,,0,
35,綠能環保,19,-0.16,-3.76,211,1.575,11,,4,
11,橡膠,5,-1.31,-3.73,56,1.112,5,,4,
38,居家生活,3,-0.3,-3.36,46,,3,,1,
36,數位雲端,13,1.87,-2.86,154,,4,,2,
02,食品,7,-1.0,-2.1,87,1.592,6,,1,
23,油電燃氣,3,-2.07,-1.86,45,,3,,0,
15,航運,23,3.56,-1.78,392,1.884,17,7.95,62,
37,運動休閒,12,0.02,-1.21,222,1.298,9,,17,
10,鋼鐵,15,1.13,-0.77,236,1.795,15,,19,
12,汽車,23,0.75,-0.64,326,0.863,16,,17,
14,建材營造,28,0.12,-0.21,485,1.525,28,,6,
16,觀光餐旅,6,-1.17,0.13,110,0.879,6,,10,
21,化學,29,0.42,0.4,385,1.742,24,,14,
29,電子通路,22,-2.16,0.47,346,1.82,22,,12,
30,資訊服務,14,0.2,0.77,240,1.132,14,,1,
31,其他電子,54,-0.11,0.99,938,1.546,42,1.85,84,
08,玻璃陶瓷,3,-2.38,1.04,51,,3,,5,
25,電腦週邊,78,0.14,1.07,1442,1.448,74,3.3,169,
26,光電,80,0.09,1.6,1380,1.217,75,1.88,61,
91,存託憑證,1,9.19,1.6,20,,1,,0,
24,半導體,166,0.53,1.73,3092,1.513,140,3.48,333,
05,電機機械,44,-0.91,1.99,786,1.516,39,1.6,85,
27,通信網路,52,-0.8,2.02,979,1.174,46,-0.36,77,
06,電器電纜,7,-2.07,3.27,137,1.624,7,,2,
28,電子零組件,146,1.09,3.31,2609,1.424,135,3.6,267,
20,其他,26,-1.22,3.36,402,1.564,22,,11,
