exit_ma,min_score,trades,median_hold,win_pct,pf_gross,pf_net,avg_net_pct,port_total_pct,port_cagr_pct,port_dd_pct,port_taken
60,8.5,4377,35,36.1,2.083,1.933,6.266,999.27,36.73,27.08,302
60,9.0,3161,37,37.6,2.045,1.913,6.843,973.59,36.31,29.8,307
60,7.5,6820,29,33.5,1.956,1.784,4.461,553.72,27.76,47.27,379
20,8.5,6621,13,34.3,1.542,1.374,1.807,2841.31,55.47,50.39,822
20,9.0,4400,14,35.7,1.511,1.367,2.018,3314.32,58.52,52.43,751
20,7.5,11301,11,31.7,1.483,1.284,1.134,113.18,10.38,44.77,947
10,9.0,5493,7,35.0,1.379,1.207,0.897,603.81,29.0,44.08,1467
10,8.5,8564,7,32.8,1.367,1.175,0.675,528.59,27.11,56.0,1575
10,7.5,14045,6,31.9,1.33,1.106,0.348,50.88,5.51,59.15,1657
5,9.0,6630,4,33.6,1.199,1.011,0.039,-59.93,-11.25,81.62,2652
5,8.5,10116,4,32.9,1.213,0.999,-0.003,-21.97,-3.19,78.71,2738
5,7.5,15592,4,32.2,1.19,0.947,-0.148,-85.05,-21.96,90.42,2826
