config,trades,win_pct,pf_net,avg_net_pct,median_hold,cagr@8,dd@8,cagr@15,dd@15,cagr@25,dd@25,dim,ctrl_pf,ctrl_trades,edge_vs_ctrl
A 籌碼權重 0.00,5406,35.2,1.38,1.9,13,14.04,51.08,18.58,49.52,29.88,45.17,A,,,
A 籌碼權重 0.05,5559,34.8,1.382,1.88,13,21.59,46.35,23.41,44.59,26.74,41.52,A,,,
A 籌碼權重 0.10,5833,35.1,1.387,1.82,13,58.37,40.84,38.27,40.25,32.95,38.58,A,,,
A 籌碼權重 0.15,6141,34.9,1.409,1.82,12,40.95,42.72,36.73,42.64,31.96,41.52,A,,,
A 籌碼權重 0.20,6514,34.8,1.419,1.75,12,33.54,35.64,34.47,34.43,36.29,32.22,A,,,
A 籌碼權重 0.30,7042,34.4,1.458,1.62,10,12.71,50.4,13.06,44.98,16.13,37.82,A,,,
B 滿分 2 天,6664,35.5,1.421,1.76,12,31.17,41.38,36.62,38.39,31.94,37.15,B,,,
B 滿分 3 天,6452,35.6,1.424,1.81,12,34.91,48.36,40.82,38.96,35.19,32.29,B,,,
B 滿分 5 天,6141,34.9,1.409,1.82,12,40.95,42.72,36.73,42.64,31.96,41.52,B,,,
B 滿分 10 天,5777,35.3,1.396,1.85,13,27.65,49.25,30.37,43.82,29.81,39.84,B,,,
C 需投信連買≥1天,2316,36.2,1.489,2.08,13,23.41,46.21,24.3,43.68,23.57,36.48,C,1.488,2313.0,0.001
C 需投信連買≥2天,1752,35.4,1.469,1.99,13,18.44,48.93,19.93,38.08,17.17,29.17,C,1.444,1851.0,0.025
C 需投信連買≥3天,1341,34.7,1.388,1.65,12,12.0,47.18,15.73,33.57,11.66,24.64,C,1.329,1295.0,0.059
C 需投信連買≥5天,809,35.7,1.448,1.78,12,17.28,46.01,12.2,29.79,7.47,19.58,C,1.329,1295.0,0.119
D 只看連買≥3天,16476,33.7,1.147,0.35,3,8.27,56.49,15.69,45.92,18.05,40.71,D,,,
D 只看連買≥5天,8875,33.2,1.178,0.43,5,23.49,55.93,20.24,51.76,15.92,45.51,D,,,
D 只看連買≥8天,4390,33.0,1.117,0.29,5,5.99,62.49,6.98,45.86,9.74,37.71,D,,,
