config,trades,win_pct,pf_net,avg_net_pct,median_hold,port_cagr_pct,port_dd_pct,dim,rs_weight
A rs=0.00 其餘各0.333,6680,34.8,1.353,1.55,13,22.85,39.29,A,0.0
A rs=0.10 其餘各0.300,6455,34.8,1.36,1.64,13,11.81,41.24,A,0.1
A rs=0.20 其餘各0.267,6189,34.8,1.336,1.6,13,23.91,36.43,A,0.2
A rs=0.30 其餘各0.233,5901,34.7,1.321,1.58,13,20.07,51.9,A,0.3
A rs=0.40 其餘各0.200,5661,34.4,1.311,1.57,13,35.14,45.13,A,0.4
A rs=0.50 其餘各0.167,5361,34.1,1.31,1.59,13,20.64,62.02,A,0.5
A rs=0.60 其餘各0.133,5030,33.5,1.301,1.57,13,23.04,65.34,A,0.6
A rs=0.70 其餘各0.100,4678,33.6,1.264,1.41,13,21.41,50.52,A,0.7
A rs=0.85 其餘各0.050,3956,33.6,1.197,1.07,12,7.0,56.35,A,0.85
A rs=1.00 其餘各0.000,2850,34.1,1.144,0.79,11,-0.25,70.19,A,1.0
B 純 R20,5843,34.5,1.341,1.67,13,13.8,44.11,B,
B 純 R60,5630,34.2,1.286,1.43,13,25.14,62.96,B,
B 純 R120,5436,35.3,1.37,1.82,13,30.66,41.14,B,
B 等權 1/3,5626,34.5,1.311,1.57,13,35.01,44.6,B,
B 現行 .40/.35/.25,5661,34.4,1.311,1.57,13,35.14,45.13,B,
B 偏短 .60/.30/.10,5723,34.4,1.301,1.52,13,23.2,54.63,B,
B 偏長 .10/.30/.60,5527,34.8,1.324,1.62,13,16.36,53.48,B,
B 去掉最短 0/.50/.50,5541,34.7,1.32,1.6,13,21.34,49.51,B,
C 5/20/60 超短,5939,34.6,1.318,1.58,13,17.0,47.04,C,
C 10/20/60 短,5860,34.2,1.305,1.53,13,23.87,47.83,C,
C 20/60/120 現行,5626,34.5,1.311,1.57,13,35.01,44.6,C,
C 20/60/240,5480,35.1,1.376,1.87,13,17.68,61.74,C,
C 60/120/240 長,5405,35.2,1.38,1.9,13,14.42,51.08,C,
C 120/240 純長,5317,35.3,1.397,1.97,13,17.68,49.96,C,
