code,name,market,industry
1101,台泥,TWSE,01
1102,亞泥,TWSE,01
1103,嘉泥,TWSE,01
1104,環泥,TWSE,01
1108,幸福,TWSE,01
1109,信大,TWSE,01
1110,東泥,TWSE,01
1201,味全,TWSE,02
1203,味王,TWSE,02
1210,大成,TWSE,02
1213,大飲,TWSE,02
1215,卜蜂,TWSE,02
1216,統一,TWSE,02
1217,愛之味,TWSE,02
1218,泰山,TWSE,02
1219,福壽,TWSE,02
1220,台榮,TWSE,02
1225,福懋油,TWSE,02
1227,佳格,TWSE,02
1229,聯華,TWSE,02
1231,聯華食,TWSE,02
1232,大統益,TWSE,02
1233,天仁,TWSE,02
1234,黑松,TWSE,02
1235,興泰,TWSE,02
1236,宏亞,TWSE,02
1256,鮮活果汁-KY,TWSE,02
1301,台塑,TWSE,03
1303,南亞,TWSE,03
1304,台聚,TWSE,03
1305,華夏,TWSE,03
1307,三芳,TWSE,03
1308,亞聚,TWSE,03
1309,台達化,TWSE,03
1310,台苯,TWSE,03
1312,國喬,TWSE,03
1313,聯成,TWSE,03
1314,中石化,TWSE,03
1315,達新,TWSE,03
1316,上曜,TWSE,14
1319,東陽,TWSE,12
1321,大洋,TWSE,03
1323,永裕,TWSE,03
1324,地球,TWSE,03
1325,恆大,TWSE,03
1326,台化,TWSE,03
1337,再生-KY,TWSE,03
1338,廣華-KY,TWSE,12
1339,昭輝,TWSE,12
1340,勝悅-KY,TWSE,03
1341,富林-KY,TWSE,03
1342,八貫,TWSE,20
1402,遠東新,TWSE,04
1409,新纖,TWSE,04
1410,南染,TWSE,04
1413,宏洲,TWSE,04
1414,東和,TWSE,04
1416,廣豐,TWSE,20
1417,嘉裕,TWSE,04
1418,東華,TWSE,04
1419,新紡,TWSE,04
1423,利華,TWSE,04
1432,大魯閣,TWSE,37
1434,福懋,TWSE,04
1435,中福,TWSE,20
1436,華友聯,TWSE,14
1437,勤益控,TWSE,20
1438,三地開發,TWSE,14
1439,雋揚,TWSE,14
1440,南紡,TWSE,04
1441,大東,TWSE,04
1442,名軒,TWSE,14
1443,立益物流,TWSE,20
1444,力麗,TWSE,04
1445,大宇,TWSE,04
1446,宏和,TWSE,04
1447,力鵬,TWSE,04
1449,佳和,TWSE,04
1451,年興,TWSE,04
1452,宏益,TWSE,04
1453,大將,TWSE,14
1454,台富,TWSE,04
1455,集盛,TWSE,04
1456,怡華,TWSE,14
1457,宜進,TWSE,04
1459,聯發,TWSE,04
1460,宏遠,TWSE,04
1463,強盛新,TWSE,04
1464,得力,TWSE,04
1465,偉全,TWSE,04
1466,聚隆,TWSE,04
1467,南緯,TWSE,04
1468,昶和,TWSE,04
1470,大統新創,TWSE,04
1471,首利,TWSE,28
1472,三洋實業,TWSE,14
1473,台南,TWSE,04
1474,弘裕,TWSE,04
1475,業旺,TWSE,04
1476,儒鴻,TWSE,04
1477,聚陽,TWSE,04
1503,士電,TWSE,05
1504,東元,TWSE,05
1506,正道,TWSE,05
1512,瑞利,TWSE,12
1513,中興電,TWSE,05
1514,亞力,TWSE,05
1515,力山,TWSE,05
1516,川飛,TWSE,20
1517,利奇,TWSE,05
1519,華城,TWSE,05
1521,大億,TWSE,12
1522,堤維西,TWSE,12
1524,耿鼎,TWSE,12
1525,江申,TWSE,12
1526,日馳,TWSE,05
1527,鑽全,TWSE,05
1528,恩德,TWSE,05
1529,樂事綠能,TWSE,05
1530,亞崴,TWSE,05
1531,高林股,TWSE,05
1532,勤美,TWSE,05
1533,車王電,TWSE,12
1535,中宇,TWSE,05
1536,和大,TWSE,12
1537,廣隆,TWSE,05
1538,正峰,TWSE,05
1539,巨庭,TWSE,05
1540,喬福,TWSE,05
1541,錩泰,TWSE,05
1558,伸興,TWSE,05
1560,中砂,TWSE,05
1563,巧新,TWSE,12
1568,倉佑,TWSE,12
1582,信錦,TWSE,28
1583,程泰,TWSE,05
1587,吉茂,TWSE,12
1589,永冠-KY,TWSE,05
1590,亞德客-KY,TWSE,05
1597,直得,TWSE,05
1598,岱宇,TWSE,37
1603,華電,TWSE,06
1604,聲寶,TWSE,06
1605,華新,TWSE,06
1608,華榮,TWSE,06
1609,大亞,TWSE,06
1611,中電,TWSE,06
1612,宏泰,TWSE,06
1614,三洋電,TWSE,06
1615,大山,TWSE,06
1616,億泰,TWSE,06
1617,榮星,TWSE,06
1618,合機,TWSE,06
1623,大東電,TWSE,06
1626,艾美特-KY,TWSE,06
1702,南僑,TWSE,02
1707,葡萄王,TWSE,22
1708,東鹼,TWSE,21
1709,和益,TWSE,21
1710,東聯,TWSE,21
1711,永光,TWSE,21
1712,興農,TWSE,21
1713,國化,TWSE,21
1714,和桐,TWSE,21
1717,長興,TWSE,21
1718,中纖,TWSE,21
1720,生達,TWSE,22
1721,三晃,TWSE,21
1722,台肥,TWSE,21
1723,中碳,TWSE,21
1725,元禎,TWSE,21
1726,永記,TWSE,21
1727,中華化,TWSE,21
1730,花仙子,TWSE,21
1731,美吾華,TWSE,22
1732,毛寶,TWSE,21
1733,五鼎,TWSE,22
1734,杏輝,TWSE,22
1735,日勝化,TWSE,21
1736,喬山,TWSE,37
1737,臺鹽,TWSE,02
1752,南光,TWSE,22
1760,寶齡富錦,TWSE,22
1762,中化生,TWSE,22
1773,勝一,TWSE,21
1776,展宇,TWSE,21
1783,和康生,TWSE,22
1786,科妍,TWSE,22
1789,神隆,TWSE,22
1795,美時,TWSE,22
1802,台玻,TWSE,08
1805,寶徠,TWSE,14
1806,冠軍,TWSE,08
1808,潤隆,TWSE,14
1809,中釉,TWSE,08
1810,和成,TWSE,08
1817,凱撒衛,TWSE,08
1903,士紙,TWSE,09
1904,正隆,TWSE,09
1905,華紙,TWSE,09
1906,寶隆,TWSE,09
1907,永豐餘,TWSE,09
1909,榮成,TWSE,09
2002,中鋼,TWSE,10
2006,東和鋼鐵,TWSE,10
2007,燁興,TWSE,10
2008,高興昌,TWSE,10
2009,第一銅,TWSE,10
2010,春源,TWSE,10
2012,春雨,TWSE,10
2013,中鋼構,TWSE,10
2014,中鴻,TWSE,10
2015,豐興,TWSE,10
2017,官田鋼,TWSE,10
2020,美亞,TWSE,10
2022,聚亨,TWSE,10
2023,燁輝,TWSE,10
2024,志聯,TWSE,10
2025,千興,TWSE,10
2027,大成鋼,TWSE,10
2028,威致,TWSE,10
2029,盛餘,TWSE,10
2030,彰源,TWSE,10
2031,新光鋼,TWSE,10
2032,新鋼,TWSE,10
2033,佳大,TWSE,10
2034,允強,TWSE,10
2038,海光,TWSE,10
2049,上銀,TWSE,05
2059,川湖,TWSE,28
2062,橋椿,TWSE,38
2069,運錩,TWSE,10
2072,世紀風電,TWSE,35
2101,南港,TWSE,11
2102,泰豐,TWSE,11
2103,台橡,TWSE,11
2104,國際中橡,TWSE,11
2105,正新,TWSE,11
2106,建大,TWSE,11
2107,厚生,TWSE,11
2108,南帝,TWSE,11
2109,華豐,TWSE,11
2114,鑫永銓,TWSE,11
2115,六暉-KY,TWSE,12
2201,裕隆,TWSE,12
2204,中華,TWSE,12
2206,三陽工業,TWSE,12
2207,和泰車,TWSE,12
2208,台船,TWSE,15
2211,長榮鋼,TWSE,10
2227,裕日車,TWSE,12
2228,劍麟,TWSE,12
2231,為升,TWSE,12
2233,宇隆,TWSE,12
2236,百達-KY,TWSE,12
2237,華德動能-創,TWSE,12
2239,英利-KY,TWSE,12
2241,艾姆勒,TWSE,12
2243,宏旭-KY,TWSE,12
2247,汎德永業,TWSE,12
2248,華勝-KY,TWSE,12
2250,IKKA-KY,TWSE,12
2254,巨鎧精密-創,TWSE,12
2258,鴻華先進-創,TWSE,12
2301,光寶科,TWSE,25
2302,麗正,TWSE,24
2303,聯電,TWSE,24
2305,全友,TWSE,25
2308,台達電,TWSE,28
2312,金寶,TWSE,31
2313,華通,TWSE,28
2314,台揚,TWSE,27
2316,楠梓電,TWSE,28
2317,鴻海,TWSE,31
2321,東訊,TWSE,27
2323,中環,TWSE,26
2324,仁寶,TWSE,25
2327,國巨*,TWSE,28
2328,廣宇,TWSE,28
2329,華泰,TWSE,24
2330,台積電,TWSE,24
2331,精英,TWSE,25
2332,友訊,TWSE,27
2337,旺宏,TWSE,24
2338,光罩,TWSE,24
2340,台亞,TWSE,24
2342,茂矽,TWSE,24
2344,華邦電,TWSE,24
2345,智邦,TWSE,27
2347,聯強,TWSE,29
2348,海悅,TWSE,20
2349,錸德,TWSE,26
2351,順德,TWSE,24
2352,佳世達,TWSE,25
2353,宏碁,TWSE,25
2354,鴻準,TWSE,31
2355,敬鵬,TWSE,28
2356,英業達,TWSE,25
2357,華碩,TWSE,25
2359,所羅門,TWSE,31
2360,致茂,TWSE,31
2362,藍天,TWSE,25
2363,矽統,TWSE,24
2364,倫飛,TWSE,25
2365,昆盈,TWSE,25
2367,燿華,TWSE,28
2368,金像電,TWSE,28
2369,菱生,TWSE,24
2371,大同,TWSE,05
2373,震旦行,TWSE,31
2374,佳能,TWSE,26
2375,凱美,TWSE,28
2376,技嘉,TWSE,25
2377,微星,TWSE,25
2379,瑞昱,TWSE,24
2380,虹光,TWSE,25
2382,廣達,TWSE,25
2383,台光電,TWSE,28
2385,群光,TWSE,28
2387,精元,TWSE,25
2388,威盛,TWSE,24
2390,云辰,TWSE,31
2392,正崴,TWSE,28
2393,億光,TWSE,26
2395,研華,TWSE,25
2397,友通,TWSE,25
2399,映泰,TWSE,25
2401,凌陽,TWSE,24
2402,毅嘉,TWSE,28
2404,漢唐,TWSE,31
2405,輔信,TWSE,25
2406,國碩,TWSE,26
2408,南亞科,TWSE,24
2409,友達,TWSE,26
2412,中華電,TWSE,27
2413,環科,TWSE,28
2414,精技,TWSE,29
2415,錩新,TWSE,28
2417,圓剛,TWSE,25
2419,仲琦,TWSE,27
2420,新巨,TWSE,28
2421,建準,TWSE,28
2423,固緯,TWSE,31
2424,隴華,TWSE,27
2425,承啟,TWSE,25
2426,鼎元,TWSE,26
2427,三商電,TWSE,30
2428,興勤,TWSE,28
2429,銘旺科,TWSE,26
2430,燦坤,TWSE,29
2431,聯昌,TWSE,28
2432,倚天酷碁-創,TWSE,25
2433,互盛電,TWSE,31
2434,統懋,TWSE,24
2436,偉詮電,TWSE,24
2438,翔耀,TWSE,26
2439,美律,TWSE,27
2440,太空梭,TWSE,28
2441,超豐,TWSE,24
2442,新美齊,TWSE,14
2444,兆勁,TWSE,27
2449,京元電子,TWSE,24
2450,神腦,TWSE,27
2451,創見,TWSE,24
2453,凌群,TWSE,30
2454,聯發科,TWSE,24
2455,全新,TWSE,27
2457,飛宏,TWSE,28
2458,義隆,TWSE,24
2459,敦吉,TWSE,31
2460,建通,TWSE,28
2461,光群雷,TWSE,31
2462,良得電,TWSE,28
2464,盟立,TWSE,31
2465,麗臺,TWSE,25
2466,冠西電,TWSE,26
2467,志聖,TWSE,28
2468,華經,TWSE,30
2471,資通,TWSE,30
2472,立隆電,TWSE,28
2474,可成,TWSE,31
2476,鉅祥,TWSE,28
2477,美隆電,TWSE,31
2478,大毅,TWSE,28
2480,敦陽科,TWSE,30
2481,強茂,TWSE,24
2482,連宇,TWSE,31
2483,百容,TWSE,28
2484,希華,TWSE,28
2485,兆赫,TWSE,27
2486,一詮,TWSE,26
2488,漢平,TWSE,31
2489,瑞軒,TWSE,26
2491,吉祥全,TWSE,26
2492,華新科,TWSE,28
2493,揚博,TWSE,28
2495,普安,TWSE,25
2496,卓越,TWSE,20
2497,怡利電,TWSE,12
2498,宏達電,TWSE,27
2501,國建,TWSE,14
2504,國產,TWSE,14
2505,國揚,TWSE,14
2506,太設,TWSE,14
2509,全坤建,TWSE,14
2511,太子,TWSE,14
2514,龍邦,TWSE,20
2515,中工,TWSE,14
2516,新建,TWSE,14
2520,冠德,TWSE,14
2524,京城,TWSE,14
2527,宏璟,TWSE,14
2528,皇普,TWSE,14
2530,華建,TWSE,14
2534,宏盛,TWSE,14
2535,達欣工,TWSE,14
2536,宏普,TWSE,14
2537,聯上發,TWSE,14
2538,基泰,TWSE,14
2539,櫻花建,TWSE,14
2540,愛山林,TWSE,14
2542,興富發,TWSE,14
2543,皇昌,TWSE,14
2545,皇翔,TWSE,14
2546,根基,TWSE,14
2547,日勝生,TWSE,14
2548,華固,TWSE,14
2597,潤弘,TWSE,14
2601,益航,TWSE,15
2603,長榮,TWSE,15
2605,新興,TWSE,15
2606,裕民,TWSE,15
2607,榮運,TWSE,15
2608,嘉里大榮,TWSE,15
2609,陽明,TWSE,15
2610,華航,TWSE,15
2611,志信,TWSE,15
2612,中航,TWSE,15
2613,中櫃,TWSE,15
2614,東森,TWSE,20
2615,萬海,TWSE,15
2616,山隆,TWSE,23
2617,台航,TWSE,15
2618,長榮航,TWSE,15
2630,亞航,TWSE,15
2633,台灣高鐵,TWSE,15
2634,漢翔,TWSE,15
2636,台驊控股,TWSE,15
2637,慧洋-KY,TWSE,15
2642,宅配通,TWSE,15
2645,長榮航太,TWSE,15
2646,星宇航空,TWSE,15
2701,萬企,TWSE,16
2702,華園,TWSE,16
2704,國賓,TWSE,16
2705,六福,TWSE,16
2706,第一店,TWSE,16
2707,晶華,TWSE,16
2712,遠雄來,TWSE,16
2722,夏都,TWSE,16
2723,美食-KY,TWSE,16
2727,王品,TWSE,16
2731,雄獅,TWSE,16
2739,寒舍,TWSE,16
2748,雲品,TWSE,16
2753,八方雲集,TWSE,16
2762,世界健身-KY,TWSE,37
2801,彰銀,TWSE,17
2812,台中銀,TWSE,17
2816,旺旺保,TWSE,17
2820,華票,TWSE,17
2832,台產,TWSE,17
2834,臺企銀,TWSE,17
2836,高雄銀,TWSE,17
2838,聯邦銀,TWSE,17
2845,遠東銀,TWSE,17
2849,安泰銀,TWSE,17
2850,新產,TWSE,17
2851,中再保,TWSE,17
2852,第一保,TWSE,17
2855,統一證,TWSE,17
2867,三商壽,TWSE,17
2880,華南金,TWSE,17
2881,富邦金,TWSE,17
2882,國泰金,TWSE,17
2883,凱基金,TWSE,17
2884,玉山金,TWSE,17
2885,元大金,TWSE,17
2886,兆豐金,TWSE,17
2887,台新新光金,TWSE,17
2889,國票金,TWSE,17
2890,永豐金,TWSE,17
2891,中信金,TWSE,17
2892,第一金,TWSE,17
2897,王道銀行,TWSE,17
2901,欣欣,TWSE,18
2903,遠百,TWSE,18
2904,匯僑,TWSE,20
2905,三商,TWSE,18
2906,高林,TWSE,18
2908,特力,TWSE,18
2910,統領,TWSE,18
2911,麗嬰房,TWSE,18
2912,統一超,TWSE,18
2913,農林,TWSE,18
2915,潤泰全,TWSE,18
2923,鼎固-KY,TWSE,14
2929,淘帝-KY,TWSE,18
2939,永邑-KY,TWSE,18
2945,三商家購,TWSE,18
3002,歐格,TWSE,25
3003,健和興,TWSE,28
3004,豐達科,TWSE,10
3005,神基,TWSE,25
3006,晶豪科,TWSE,24
3008,大立光,TWSE,26
3010,華立,TWSE,29
3011,今皓,TWSE,28
3013,晟銘電,TWSE,25
3014,聯陽,TWSE,24
3015,全漢,TWSE,28
3016,嘉晶,TWSE,24
3017,奇鋐,TWSE,25
3018,隆銘綠能,TWSE,31
3019,亞光,TWSE,26
3021,鴻名,TWSE,28
3022,威強電,TWSE,25
3023,信邦,TWSE,28
3024,憶聲,TWSE,26
3025,星通,TWSE,27
3026,禾伸堂,TWSE,28
3027,盛達,TWSE,27
3028,增你強,TWSE,29
3029,零壹,TWSE,30
3030,德律,TWSE,31
3031,佰鴻,TWSE,26
3032,偉訓,TWSE,28
3033,威健,TWSE,29
3034,聯詠,TWSE,24
3035,智原,TWSE,24
3036,文曄,TWSE,29
3037,欣興,TWSE,28
3038,全台,TWSE,26
3040,遠見,TWSE,20
3041,揚智,TWSE,24
3042,晶技,TWSE,28
3043,科風,TWSE,31
3044,健鼎,TWSE,28
3045,台灣大,TWSE,27
3046,建碁,TWSE,25
3047,訊舟,TWSE,27
3048,益登,TWSE,29
3049,精金,TWSE,26
3050,鈺德,TWSE,26
3051,力特,TWSE,26
3052,夆典,TWSE,14
3054,立萬利,TWSE,02
3055,蔚華科,TWSE,29
3056,富華新,TWSE,14
3057,喬鼎,TWSE,25
3058,立德,TWSE,28
3059,華晶科,TWSE,26
3060,銘異,TWSE,25
3062,建漢,TWSE,27
3090,日電貿,TWSE,28
3092,鴻碩,TWSE,28
3094,聯傑,TWSE,24
3130,一零四,TWSE,36
3135,凌航,TWSE,24
3138,耀登,TWSE,27
3149,正達,TWSE,26
3150,鈺寶-創,TWSE,24
3164,景岳,TWSE,22
3167,大量,TWSE,05
3168,眾福科,TWSE,26
3189,景碩,TWSE,24
3209,全科,TWSE,29
3229,晟鈦,TWSE,28
3231,緯創,TWSE,25
3257,虹冠電,TWSE,24
3266,昇陽,TWSE,14
3296,勝德,TWSE,28
3305,昇貿,TWSE,31
3308,聯德,TWSE,28
3311,閎暉,TWSE,27
3312,弘憶股,TWSE,29
3321,同泰,TWSE,28
3338,泰碩,TWSE,28
3346,麗清,TWSE,12
3356,奇偶,TWSE,26
3376,新日興,TWSE,28
3380,明泰,TWSE,27
3406,玉晶光,TWSE,26
3413,京鼎,TWSE,24
3416,融程電,TWSE,25
3419,譁裕,TWSE,27
3432,台端,TWSE,28
3437,榮創,TWSE,26
3443,創意,TWSE,24
3447,展達,TWSE,27
3450,聯鈞,TWSE,24
3481,群創,TWSE,26
3494,誠研,TWSE,25
3501,維熹,TWSE,28
3504,揚明光,TWSE,26
3515,華擎,TWSE,25
3518,柏騰,TWSE,31
3528,安馳,TWSE,29
3530,晶相光,TWSE,24
3532,台勝科,TWSE,24
3533,嘉澤,TWSE,28
3535,晶彩科,TWSE,26
3543,州巧,TWSE,26
3545,敦泰,TWSE,24
3550,聯穎,TWSE,28
3557,嘉威,TWSE,38
3563,牧德,TWSE,26
3576,聯合再生,TWSE,26
3583,辛耘,TWSE,24
3588,通嘉,TWSE,24
3591,艾笛森,TWSE,26
3592,瑞鼎,TWSE,24
3593,力銘,TWSE,28
3596,智易,TWSE,27
3605,宏致,TWSE,28
3607,谷崧,TWSE,28
3617,碩天,TWSE,31
3622,洋華,TWSE,26
3645,達邁,TWSE,28
3652,精聯,TWSE,25
3653,健策,TWSE,28
3661,世芯-KY,TWSE,24
3665,貿聯-KY,TWSE,31
3669,圓展,TWSE,27
3673,TPK-KY,TWSE,26
3679,新至陞,TWSE,28
3686,達能,TWSE,24
3694,海華,TWSE,27
3701,大眾控,TWSE,25
3702,大聯大,TWSE,29
3703,欣陸,TWSE,14
3704,合勤控,TWSE,27
3705,永信,TWSE,22
3706,神達,TWSE,25
3708,上緯投控,TWSE,35
3711,日月光投控,TWSE,24
3712,永崴投控,TWSE,25
3714,富采,TWSE,26
3715,定穎投控,TWSE,28
3716,中化控股,TWSE,22
3717,聯嘉投控,TWSE,12
4104,佳醫,TWSE,22
4106,雃博,TWSE,22
4108,懷特,TWSE,22
4119,旭富,TWSE,22
4133,亞諾法,TWSE,22
4137,麗豐-KY,TWSE,22
4142,國光生,TWSE,22
4148,全宇生技-KY,TWSE,22
4155,訊映,TWSE,22
4164,承業醫,TWSE,22
4169,泰宗,TWSE,22
4178,永笙-KY,TWSE,22
4190,佐登-KY,TWSE,22
4195,基米-創,TWSE,22
4306,炎洲,TWSE,03
4414,如興,TWSE,04
4426,利勤,TWSE,04
4438,廣越,TWSE,04
4439,冠星-KY,TWSE,04
4440,宜新實業,TWSE,04
4441,振大環球,TWSE,04
4526,東台,TWSE,05
4532,瑞智,TWSE,05
4536,拓凱,TWSE,37
4540,全球傳動,TWSE,05
4545,銘鈺,TWSE,28
4551,智伸科,TWSE,12
4552,力達-KY,TWSE,05
4555,氣立,TWSE,05
4557,永新-KY,TWSE,12
4560,強信-KY,TWSE,05
4562,穎漢,TWSE,05
4564,元翎,TWSE,05
4566,時碩工業,TWSE,05
4569,六方科-KY,TWSE,12
4571,鈞興-KY,TWSE,05
4572,駐龍,TWSE,05
4576,大銀微系統,TWSE,05
4581,光隆精密-KY,TWSE,12
4582,聚恆-創,TWSE,35
4583,台灣精銳,TWSE,05
4585,達明,TWSE,31
4588,玖鼎電力,TWSE,31
4590,富田-創,TWSE,05
4720,德淵,TWSE,21
4722,國精化,TWSE,21
4736,泰博,TWSE,22
4737,華廣,TWSE,22
4739,康普,TWSE,21
4746,台耀,TWSE,22
4755,三福化,TWSE,21
4763,材料*-KY,TWSE,21
4764,雙鍵,TWSE,21
4766,南寶,TWSE,21
4770,上品,TWSE,21
4771,望隼,TWSE,22
4807,日成-KY,TWSE,18
4904,遠傳,TWSE,27
4906,正文,TWSE,27
4912,聯德控股-KY,TWSE,28
4915,致伸,TWSE,28
4916,事欣科,TWSE,25
4919,新唐,TWSE,24
4927,泰鼎-KY,TWSE,28
4930,燦星網,TWSE,06
4934,太極,TWSE,26
4935,茂林-KY,TWSE,26
4938,和碩,TWSE,25
4942,嘉彰,TWSE,26
4943,康控-KY,TWSE,28
4949,有成精密,TWSE,26
4952,凌通,TWSE,24
4956,光鋐,TWSE,26
4958,臻鼎-KY,TWSE,28
4960,誠美材,TWSE,26
4961,天鈺,TWSE,24
4967,十銓,TWSE,24
4968,立積,TWSE,24
4976,佳凌,TWSE,26
4977,眾達-KY,TWSE,27
4989,榮科,TWSE,28
4994,傳奇,TWSE,30
4999,鑫禾,TWSE,28
5007,三星,TWSE,10
5203,訊連,TWSE,30
5215,科嘉-KY,TWSE,25
5222,全訊,TWSE,24
5225,東科-KY,TWSE,31
5234,達興材料,TWSE,26
5236,凌陽創新,TWSE,24
5243,乙盛-KY,TWSE,26
5244,弘凱,TWSE,26
5258,虹堡,TWSE,25
5269,祥碩,TWSE,24
5283,禾聯碩,TWSE,06
5284,jpp-KY,TWSE,20
5285,界霖,TWSE,24
5288,豐祥-KY,TWSE,05
5292,華懋,TWSE,35
5306,桂盟,TWSE,37
5388,中磊,TWSE,27
5434,崇越,TWSE,29
5469,瀚宇博,TWSE,28
5471,松翰,TWSE,24
5484,慧友,TWSE,26
5515,建國,TWSE,14
5519,隆大,TWSE,14
5521,工信,TWSE,14
5522,遠雄,TWSE,14
5525,順天,TWSE,14
5531,鄉林,TWSE,14
5533,皇鼎,TWSE,14
5534,長虹,TWSE,14
5538,東明-KY,TWSE,10
5546,永固-KY,TWSE,14
5607,遠雄港,TWSE,15
5608,四維航,TWSE,15
5706,鳳凰,TWSE,16
5871,中租-KY,TWSE,20
5876,上海商銀,TWSE,17
5880,合庫金,TWSE,17
5906,台南-KY,TWSE,18
5907,大洋-KY,TWSE,18
6005,群益證,TWSE,17
6024,群益期,TWSE,17
6108,競國,TWSE,28
6112,邁達特,TWSE,30
6115,鎰勝,TWSE,28
6116,彩晶,TWSE,26
6117,迎廣,TWSE,25
6120,達運,TWSE,26
6128,上福,TWSE,25
6133,金橋,TWSE,28
6136,富爾特,TWSE,27
6139,亞翔,TWSE,31
6141,柏承,TWSE,28
6142,友勁,TWSE,27
6152,百一,TWSE,27
6153,嘉聯益,TWSE,28
6155,鈞寶,TWSE,28
6164,華興,TWSE,26
6165,浪凡,TWSE,36
6166,凌華,TWSE,25
6168,宏齊,TWSE,26
6176,瑞儀,TWSE,26
6177,達麗,TWSE,14
6183,關貿,TWSE,30
6184,大豐電,TWSE,20
6189,豐藝,TWSE,29
6191,精成科,TWSE,28
6192,巨路,TWSE,31
6196,帆宣,TWSE,31
6197,佳必琪,TWSE,28
6201,亞弘電,TWSE,31
6202,盛群,TWSE,24
6205,詮欣,TWSE,28
6206,飛捷,TWSE,25
6209,今國光,TWSE,26
6213,聯茂,TWSE,28
6214,精誠,TWSE,30
6215,和椿,TWSE,31
6216,居易,TWSE,27
6224,聚鼎,TWSE,28
6225,天瀚,TWSE,26
6226,光鼎,TWSE,26
6230,尼得科超眾,TWSE,25
6235,華孚,TWSE,25
6239,力成,TWSE,24
6243,迅杰,TWSE,24
6257,矽格,TWSE,24
6269,台郡,TWSE,28
6271,同欣電,TWSE,24
6272,驊陞,TWSE,28
6277,宏正,TWSE,25
6278,台表科,TWSE,26
6281,全國電,TWSE,29
6282,康舒,TWSE,28
6283,淳安,TWSE,31
6285,啟碁,TWSE,27
6405,悅城,TWSE,26
6409,旭隼,TWSE,31
6412,群電,TWSE,28
6414,樺漢,TWSE,25
6415,矽力*-KY,TWSE,24
6416,瑞祺電通,TWSE,27
6426,統新,TWSE,27
6431,光麗-KY,TWSE,22
6438,迅得,TWSE,31
6442,光聖,TWSE,27
6443,元晶,TWSE,26
6446,藥華藥,TWSE,22
6449,鈺邦,TWSE,28
6451,訊芯-KY,TWSE,24
6456,GIS-KY,TWSE,26
6464,台數科,TWSE,20
6472,保瑞,TWSE,22
6477,安集,TWSE,26
6491,晶碩,TWSE,22
6504,南六,TWSE,20
6505,台塑化,TWSE,23
6515,穎崴,TWSE,24
6525,捷敏-KY,TWSE,24
6526,達發,TWSE,24
6531,愛普*,TWSE,24
6533,晶心科,TWSE,24
6534,正瀚-創,TWSE,22
6541,泰福-KY,TWSE,22
6550,北極星藥業-KY,TWSE,22
6552,易華電,TWSE,24
6558,興能高,TWSE,31
6573,虹揚-KY,TWSE,24
6579,研揚,TWSE,25
6581,鋼聯,TWSE,35
6582,申豐,TWSE,11
6585,鼎基,TWSE,20
6589,台康生技,TWSE,22
6591,動力-KY,TWSE,25
6592,和潤企業,TWSE,20
6598,ABC-KY,TWSE,22
6605,帝寶,TWSE,12
6606,建德工業,TWSE,05
6614,資拓宏宇,TWSE,36
6625,必應,TWSE,20
6641,基士德-KY,TWSE,35
6645,金萬林-創,TWSE,22
6655,科定,TWSE,20
6657,華安,TWSE,22
6658,聯策,TWSE,31
6666,羅麗芬-KY,TWSE,22
6668,中揚光,TWSE,26
6669,緯穎,TWSE,25
6670,復盛應用,TWSE,37
6671,三能-KY,TWSE,38
6672,騰輝電子-KY,TWSE,28
6674,鋐寶科技,TWSE,27
6689,伊雲谷,TWSE,36
6691,洋基工程,TWSE,31
6695,芯鼎,TWSE,24
6698,旭暉應材,TWSE,31
6706,惠特,TWSE,26
6715,嘉基,TWSE,28
6719,力智,TWSE,24
6722,輝創,TWSE,31
6742,澤米,TWSE,26
6743,安普新,TWSE,31
6753,龍德造船,TWSE,15
6754,匯僑設計,TWSE,38
6756,威鋒電子,TWSE,24
6757,台灣虎航,TWSE,15
6768,志強-KY,TWSE,37
6770,力積電,TWSE,24
6771,平和環保-創,TWSE,35
6776,展碁國際,TWSE,29
6781,AES-KY,TWSE,28
6782,視陽,TWSE,22
6789,采鈺,TWSE,24
6790,永豐實,TWSE,09
6792,詠業,TWSE,27
6794,向榮生技,TWSE,22
6796,晉弘,TWSE,22
6799,來頡,TWSE,24
6805,富世達,TWSE,28
6807,峰源-KY,TWSE,38
6830,汎銓,TWSE,31
6831,邁科,TWSE,25
6834,天二科技,TWSE,28
6835,圓裕,TWSE,28
6838,台新藥,TWSE,22
6854,錼創科技-KY創,TWSE,24
6861,睿生光電,TWSE,22
6862,三集瑞-KY,TWSE,28
6863,永道-KY,TWSE,27
6869,雲豹能源,TWSE,35
6873,泓德能源,TWSE,35
6885,全福生技,TWSE,22
6887,寶綠特-KY,TWSE,35
6890,來億-KY,TWSE,37
6901,鑽石投資,TWSE,20
6902,GOGOLOOK,TWSE,36
6906,現觀科,TWSE,36
6908,宏碁遊戲-創,TWSE,29
6909,創控,TWSE,24
6914,阜爾運通,TWSE,20
6916,華凌,TWSE,26
6918,愛派司,TWSE,22
6919,康霈*,TWSE,22
6921,嘉雨思-創,TWSE,24
6923,中台,TWSE,35
6924,榮惠-KY創,TWSE,28
6928,攸泰科技,TWSE,25
6931,青松健康,TWSE,22
6933,AMAX-KY,TWSE,25
6934,心誠鎂,TWSE,22
6936,永鴻生技,TWSE,22
6937,天虹,TWSE,24
6944,兆聯實業,TWSE,35
6947,台鎔科技,TWSE,35
6949,沛爾生醫-創,TWSE,22
6951,青新-創,TWSE,35
6952,大武山,TWSE,20
6955,邦睿生技-創,TWSE,22
6957,裕慶-KY,TWSE,20
6958,日盛台駿,TWSE,20
6962,奕力-KY,TWSE,24
6965,中傑-KY,TWSE,37
6969,成信實業*-創,TWSE,35
6988,威力暘-創,TWSE,12
6994,富威電力,TWSE,35
7610,聯友金屬-創,TWSE,35
7631,聚賢研發-創,TWSE,31
7689,大鵬科CLMX,TWSE,27
7705,三商餐飲,TWSE,16
7711,永擎,TWSE,25
7721,微程式,TWSE,36
7722,LINEPAY,TWSE,36
7730,暉盛-創,TWSE,24
7732,金興精密,TWSE,12
7736,虎山,TWSE,12
7740,熙特爾-創,TWSE,35
7749,意騰-KY,TWSE,24
7750,新代,TWSE,05
7760,享溫馨,TWSE,16
7765,中華資安,TWSE,36
7768,頌勝科技,TWSE,24
7769,鴻勁,TWSE,24
7780,大研生醫*,TWSE,02
7786,東方風能,TWSE,35
7788,松川精密,TWSE,28
7791,皇家可口,TWSE,02
7795,長廣,TWSE,28
7799,禾榮科,TWSE,22
7803,雲象科技-創,TWSE,22
7818,溢泰實業,TWSE,35
7821,神數,TWSE,12
7822,倍利科,TWSE,24
7823,奧義賽博-KY創,TWSE,36
7827,漢康-KY創,TWSE,22
7835,永悅健康-創,TWSE,36
7855,和運租車,TWSE,20
8011,台通,TWSE,27
8016,矽創,TWSE,24
8021,尖點,TWSE,31
8028,昇陽半導體,TWSE,24
8033,雷虎,TWSE,20
8039,台虹,TWSE,28
8045,達運光電,TWSE,27
8046,南電,TWSE,28
8070,長華*,TWSE,29
8072,陞泰,TWSE,29
8081,致新,TWSE,24
8101,華冠,TWSE,27
8103,瀚荃,TWSE,28
8104,錸寶,TWSE,26
8105,凌巨,TWSE,26
8110,華東,TWSE,24
8112,至上,TWSE,29
8114,振樺電,TWSE,25
8131,福懋科,TWSE,24
8150,南茂,TWSE,24
8162,微矽電子-創,TWSE,24
8163,達方,TWSE,25
8201,無敵,TWSE,31
8210,勤誠,TWSE,25
8213,志超,TWSE,28
8215,明基材,TWSE,26
8222,寶一,TWSE,05
8249,菱光,TWSE,28
8261,富鼎,TWSE,24
8271,宇瞻,TWSE,24
8341,日友,TWSE,35
8367,建新國際,TWSE,15
8374,羅昇,TWSE,05
8404,百和興業-KY,TWSE,20
8411,福貞-KY,TWSE,20
8422,可寧衛*,TWSE,35
8429,金麗-KY,TWSE,18
8438,昶昕,TWSE,35
8442,威宏-KY,TWSE,20
8443,阿瘦,TWSE,18
8454,富邦媒,TWSE,36
8462,柏文,TWSE,37
8463,潤泰材,TWSE,20
8464,億豐,TWSE,38
8466,美吉吉-KY,TWSE,20
8467,波力-KY,TWSE,37
8473,山林水,TWSE,35
8476,台境*,TWSE,35
8478,東哥遊艇,TWSE,37
8481,政伸,TWSE,20
8482,商億-KY,TWSE,38
8487,愛爾達-創,TWSE,36
8488,吉源-KY,TWSE,20
8499,鼎炫-KY,TWSE,31
8926,台汽電,TWSE,23
8940,新天地,TWSE,16
8996,高力,TWSE,05
9103,美德醫療-DR,TWSE,91
9105,泰金寶-DR,TWSE,91
9110,越南控-DR,TWSE,91
9136,巨騰-DR,TWSE,91
9802,鈺齊-KY,TWSE,37
9902,台火,TWSE,20
9904,寶成,TWSE,37
9905,大華,TWSE,20
9906,欣巴巴,TWSE,14
9907,統一實,TWSE,20
9908,大台北,TWSE,23
9910,豐泰,TWSE,37
9911,櫻花,TWSE,38
9912,偉聯,TWSE,25
9914,美利達,TWSE,37
9917,中保科,TWSE,20
9918,欣天然,TWSE,23
9919,康那香,TWSE,20
9921,巨大,TWSE,37
9924,福興,TWSE,38
9925,新保,TWSE,20
9926,新海,TWSE,23
9927,泰銘,TWSE,20
9928,中視,TWSE,20
9929,秋雨,TWSE,20
9930,中聯資源,TWSE,35
9931,欣高,TWSE,23
9933,中鼎,TWSE,20
9934,成霖,TWSE,38
9935,慶豐富,TWSE,38
9937,全國,TWSE,23
9938,百和,TWSE,20
9939,宏全,TWSE,20
9940,信義,TWSE,20
9941,裕融,TWSE,20
9942,茂順,TWSE,20
9943,好樂迪,TWSE,16
9944,新麗,TWSE,20
9945,潤泰新,TWSE,20
9946,三發地產,TWSE,14
9955,佳龍,TWSE,35
9958,世紀鋼,TWSE,10
1240,茂生農經,TPEX,33
1259,安心,TPEX,16
1264,德麥,TPEX,02
1268,漢來美食,TPEX,16
1294,漢田生技,TPEX,02
1295,生合,TPEX,02
1336,台翰,TPEX,28
1565,精華,TPEX,22
1569,濱川,TPEX,25
1570,力肯,TPEX,05
1580,新麥,TPEX,05
1584,精剛,TPEX,20
1586,和勤,TPEX,05
1591,駿吉-KY,TPEX,05
1593,祺驊,TPEX,37
1595,川寶,TPEX,24
1599,宏佳騰,TPEX,05
1742,台蠟,TPEX,21
1777,生泰,TPEX,22
1780,立弘,TPEX,02
1781,合世,TPEX,22
1784,訊聯,TPEX,22
1785,光洋科,TPEX,31
1788,杏昌,TPEX,22
1796,金穎生技,TPEX,02
1799,易威,TPEX,22
1813,寶利徠,TPEX,22
1815,富喬,TPEX,28
2035,唐榮公司,TPEX,10
2061,風青,TPEX,06
2063,世鎧精密,TPEX,10
2064,晉椿,TPEX,10
2065,世豐,TPEX,10
2066,世德,TPEX,05
2067,嘉鋼,TPEX,05
2070,精湛,TPEX,05
2073,雄順,TPEX,10
2221,大甲,TPEX,20
2230,泰茂,TPEX,38
2235,謚源,TPEX,05
2596,綠意,TPEX,14
2640,大車隊,TPEX,36
2641,正德,TPEX,15
2643,捷迅,TPEX,15
2718,全心投控,TPEX,14
2719,燦星旅,TPEX,16
2724,藝舍-KY,TPEX,20
2726,雅茗-KY,TPEX,16
2729,瓦城,TPEX,16
2732,六角,TPEX,16
2734,易飛網,TPEX,16
2736,富野,TPEX,16
2740,華軒,TPEX,16
2743,山富,TPEX,16
2745,五福,TPEX,16
2751,王座,TPEX,16
2752,豆府,TPEX,16
2754,亞洲藏壽司,TPEX,16
2755,揚秦,TPEX,16
2756,聯發國際,TPEX,16
2916,滿心,TPEX,38
2924,宏太-KY,TPEX,38
2926,誠品生活,TPEX,32
2937,集雅社,TPEX,38
2941,米斯特,TPEX,38
2947,振宇五金,TPEX,38
2948,寶陞,TPEX,38
2949,欣新網,TPEX,36
3064,泰偉,TPEX,32
3066,李洲,TPEX,26
3067,全域,TPEX,38
3071,協禧,TPEX,25
3073,天方能源,TPEX,35
3078,僑威,TPEX,28
3081,聯亞,TPEX,27
3083,網龍,TPEX,32
3085,新零售,TPEX,36
3086,華義*,TPEX,32
3088,艾訊,TPEX,25
3093,港建*,TPEX,31
3095,及成,TPEX,27
3105,穩懋,TPEX,24
3114,好德,TPEX,28
3115,富榮綱,TPEX,28
3118,進階,TPEX,22
3122,笙泉,TPEX,24
3128,昇銳,TPEX,26
3131,弘塑,TPEX,24
3141,晶宏,TPEX,24
3147,大綜,TPEX,30
3152,璟德,TPEX,27
3158,嘉實,TPEX,30
3162,精確,TPEX,05
3163,波若威,TPEX,27
3169,亞信,TPEX,24
3171,炎洲流通,TPEX,38
3176,基亞,TPEX,22
3178,公準,TPEX,24
3188,鑫龍騰,TPEX,14
3191,雲嘉南,TPEX,28
3205,佰研,TPEX,22
3206,志豐,TPEX,28
3207,耀勝,TPEX,28
3211,順達,TPEX,25
3213,茂訊,TPEX,25
3217,優群,TPEX,28
3218,大學光,TPEX,22
3219,倚強科,TPEX,31
3221,台嘉碩,TPEX,27
3224,三顧,TPEX,29
3226,龍鋒,TPEX,05
3227,原相,TPEX,24
3228,金麗科,TPEX,24
3230,錦明,TPEX,26
3232,昱捷,TPEX,29
3234,光環,TPEX,27
3236,千如,TPEX,28
3252,海灣,TPEX,16
3259,鑫創,TPEX,24
3260,威剛,TPEX,24
3264,欣銓,TPEX,24
3265,台星科,TPEX,24
3268,海德威,TPEX,24
3272,東碩,TPEX,25
3276,宇環,TPEX,28
3284,太普高,TPEX,20
3285,微端,TPEX,31
3287,廣寰科,TPEX,25
3288,點晶,TPEX,28
3289,宜特,TPEX,31
3290,東浦,TPEX,28
3293,鈊象,TPEX,32
3294,英濟,TPEX,28
3297,杭特,TPEX,26
3303,岱稜,TPEX,31
3306,鼎天,TPEX,27
3310,佳穎,TPEX,28
3313,斐成,TPEX,14
3317,尼克森,TPEX,24
3322,建舜電,TPEX,28
3323,加百裕,TPEX,25
3324,雙鴻,TPEX,31
3325,旭品,TPEX,25
3332,幸康,TPEX,28
3339,泰谷,TPEX,26
3349,寶德,TPEX,25
3354,律勝,TPEX,28
3357,臺慶科,TPEX,28
3360,尚立,TPEX,29
3362,先進光,TPEX,26
3363,上詮,TPEX,27
3372,典範,TPEX,24
3373,熱映,TPEX,31
3374,精材,TPEX,24
3379,彬台,TPEX,05
3388,崇越電,TPEX,28
3390,旭軟,TPEX,28
3402,漢科,TPEX,31
3430,奇鈦科,TPEX,21
3434,哲固,TPEX,26
3438,類比科,TPEX,24
3441,聯一光電,TPEX,26
3444,利機,TPEX,29
3455,由田,TPEX,26
3465,進泰電子,TPEX,31
3466,德晉,TPEX,27
3467,台灣精材,TPEX,24
3479,安勤,TPEX,25
3483,力致,TPEX,25
3484,崧騰,TPEX,28
3485,敘豐,TPEX,28
3489,森寶,TPEX,14
3490,單井,TPEX,26
3491,昇達科,TPEX,27
3492,長盛,TPEX,28
3498,陽程,TPEX,31
3499,環天科,TPEX,27
3508,位速,TPEX,31
3511,矽瑪,TPEX,28
3512,皇龍,TPEX,14
3516,亞帝歐,TPEX,26
3520,華盈,TPEX,28
3521,台鋼建設,TPEX,14
3522,御嵿,TPEX,16
3523,迎輝,TPEX,26
3526,凡甲,TPEX,28
3527,聚積,TPEX,24
3529,力旺,TPEX,24
3531,先益,TPEX,26
3537,堡達,TPEX,28
3540,曜越,TPEX,25
3541,西柏,TPEX,31
3546,宇峻,TPEX,32
3548,兆利,TPEX,28
3551,世禾,TPEX,35
3552,同致,TPEX,31
3555,博士旺,TPEX,24
3556,禾瑞亞,TPEX,24
3558,神準,TPEX,27
3564,其陽,TPEX,27
3567,逸昌,TPEX,24
3570,大塚,TPEX,30
3577,泓格,TPEX,25
3580,友威科,TPEX,31
3581,博磊,TPEX,24
3587,閎康,TPEX,31
3594,磐儀,TPEX,25
3597,映興,TPEX,28
3609,三一東林,TPEX,28
3611,鼎翰,TPEX,25
3615,安可,TPEX,26
3623,富晶通,TPEX,26
3624,光頡,TPEX,28
3625,西勝,TPEX,25
3628,盈正,TPEX,31
3629,地心引力,TPEX,32
3630,新鉅科,TPEX,26
3631,晟楠,TPEX,28
3632,研勤,TPEX,27
3646,艾恩特,TPEX,28
3663,鑫科,TPEX,31
3664,安瑞-KY,TPEX,27
3666,光耀,TPEX,26
3672,康聯訊,TPEX,27
3675,德微,TPEX,24
3680,家登,TPEX,24
3684,榮昌,TPEX,27
3685,元創精密,TPEX,05
3687,歐買尬,TPEX,36
3689,湧德,TPEX,28
3691,碩禾,TPEX,26
3693,營邦,TPEX,25
3707,漢磊,TPEX,24
3709,鑫聯大投控,TPEX,25
3710,連展投控,TPEX,28
3713,新晶投控,TPEX,35
4102,永日,TPEX,22
4105,東洋,TPEX,22
4107,邦特,TPEX,22
4109,加捷生醫,TPEX,22
4111,濟生,TPEX,22
4113,聯上,TPEX,14
4114,健喬,TPEX,22
4116,明基醫,TPEX,22
4120,友華,TPEX,22
4121,優盛,TPEX,22
4123,晟德,TPEX,22
4126,太醫,TPEX,22
4127,天良,TPEX,22
4128,中天,TPEX,22
4129,聯合,TPEX,22
4131,浩泰,TPEX,22
4138,曜亞,TPEX,22
4139,馬光-KY,TPEX,22
4147,中裕,TPEX,22
4153,鈺緯,TPEX,22
4154,樂威科-KY,TPEX,20
4157,太景*-KY,TPEX,22
4160,訊聯基因,TPEX,22
4161,聿新科,TPEX,22
4162,智擎,TPEX,22
4163,鐿鈦,TPEX,22
4166,友霖,TPEX,22
4167,松瑞藥,TPEX,22
4168,醣聯,TPEX,22
4171,瑞基,TPEX,33
4173,久裕,TPEX,22
4174,浩鼎,TPEX,22
4175,杏一,TPEX,22
4183,福永生技,TPEX,22
4188,安克,TPEX,22
4192,杏國,TPEX,22
4198,欣大健康,TPEX,22
4205,中華食,TPEX,02
4207,環泰,TPEX,02
4303,信立,TPEX,03
4304,勝昱,TPEX,03
4305,世坤,TPEX,03
4401,東隆興,TPEX,04
4402,郡都開發,TPEX,04
4406,新昕纖,TPEX,04
4413,飛寶企業,TPEX,04
4416,三圓,TPEX,14
4417,金洲,TPEX,04
4419,皇家美食,TPEX,16
4420,光明,TPEX,04
4430,耀億,TPEX,20
4432,銘旺實,TPEX,04
4433,興采,TPEX,04
4442,竣邦-KY,TPEX,04
4502,健信,TPEX,05
4503,金雨,TPEX,05
4506,崇友,TPEX,05
4510,高鋒,TPEX,05
4513,福裕,TPEX,05
4523,永彰,TPEX,05
4527,方方土霖,TPEX,05
4528,江興鍛,TPEX,05
4529,淳紳,TPEX,20
4530,天意能創,TPEX,16
4533,協易機,TPEX,05
4534,慶騰,TPEX,05
4535,至興,TPEX,05
4538,大詠城,TPEX,05
4541,晟田,TPEX,20
4542,科嶠,TPEX,28
4543,萬在,TPEX,05
4549,桓達,TPEX,05
4550,長佳,TPEX,05
4554,橙的,TPEX,31
4556,旭然,TPEX,20
4558,寶緯,TPEX,05
4561,健椿,TPEX,05
4563,百德,TPEX,05
4568,科際精密,TPEX,05
4577,達航科技,TPEX,31
4580,捷流閥業,TPEX,05
4584,君帆,TPEX,05
4609,唐鋒,TPEX,38
4702,中美實,TPEX,38
4706,大恭,TPEX,21
4707,磐亞,TPEX,21
4711,永純,TPEX,21
4714,永捷,TPEX,21
4716,大立,TPEX,21
4721,美琪瑪,TPEX,21
4726,永昕,TPEX,22
4728,雙美,TPEX,22
4729,熒茂,TPEX,26
4735,豪展,TPEX,22
4741,泓瀚,TPEX,21
4743,合一,TPEX,22
4744,皇將,TPEX,22
4745,合富-KY,TPEX,22
4747,強生*,TPEX,22
4749,新應材,TPEX,24
4754,國碳科,TPEX,21
4760,勤凱科技,TPEX,31
4767,誠泰科技,TPEX,21
4768,晶呈科技,TPEX,21
4772,台特化,TPEX,21
4804,大略-KY,TPEX,16
4806,桂田文創,TPEX,32
4903,聯光通,TPEX,27
4905,台聯電,TPEX,22
4907,富宇,TPEX,14
4908,前鼎,TPEX,27
4909,新復興,TPEX,27
4911,德英,TPEX,22
4923,力士,TPEX,24
4924,欣厚-KY,TPEX,35
4931,新盛力,TPEX,25
4933,友輝,TPEX,26
4939,亞電,TPEX,28
4946,辣椒,TPEX,32
4950,金耘國際,TPEX,10
4951,精拓科,TPEX,24
4953,緯致,TPEX,30
4966,譜瑞-KY,TPEX,24
4971,IET-KY,TPEX,24
4972,湯石照明,TPEX,26
4973,廣穎電通,TPEX,24
4974,亞泰,TPEX,28
4979,華星光,TPEX,27
4991,環宇-KY,TPEX,24
4995,晶達,TPEX,26
5009,榮剛,TPEX,10
5011,久陽,TPEX,10
5013,強新,TPEX,10
5014,建錩,TPEX,10
5015,華祺,TPEX,10
5016,松和,TPEX,10
5201,凱衛,TPEX,30
5202,力新,TPEX,30
5205,中茂,TPEX,35
5206,坤悅,TPEX,14
5209,新鼎,TPEX,20
5210,寶碩,TPEX,30
5211,蒙恬,TPEX,30
5212,凌網,TPEX,30
5213,亞昕,TPEX,14
5220,萬達光電,TPEX,26
5223,安力-KY,TPEX,25
5227,立凱-KY,TPEX,28
5228,鈺鎧,TPEX,28
5230,雷笛克光學,TPEX,26
5245,智晶,TPEX,26
5251,天鉞電,TPEX,26
5263,智崴,TPEX,32
5272,笙科,TPEX,24
5274,信驊,TPEX,24
5276,達輝-KY,TPEX,20
5278,尚凡*,TPEX,36
5287,數字,TPEX,36
5289,宜鼎,TPEX,25
5291,邑昇,TPEX,28
5299,杰力,TPEX,24
5301,寶得利,TPEX,16
5302,太欣,TPEX,24
5309,系統電,TPEX,28
5310,天剛,TPEX,30
5312,寶島科,TPEX,22
5314,世紀*,TPEX,20
5315,光聯,TPEX,26
5321,美而快,TPEX,36
5324,士開,TPEX,14
5328,華容,TPEX,28
5340,建榮,TPEX,28
5344,立衛,TPEX,24
5345,馥鴻,TPEX,20
5347,世界,TPEX,24
5348,正能量智能,TPEX,37
5351,鈺創,TPEX,24
5353,台林,TPEX,27
5355,佳總,TPEX,28
5356,協益,TPEX,25
5364,力麗店,TPEX,16
5371,中光電,TPEX,26
5381,光譜,TPEX,05
5386,青雲,TPEX,25
5392,能率,TPEX,26
5398,慕康生醫,TPEX,20
5403,中菲,TPEX,30
5410,國眾,TPEX,30
5425,台半,TPEX,24
5426,振發,TPEX,25
5432,新門,TPEX,35
5438,東友,TPEX,25
5439,高技,TPEX,28
5443,均豪,TPEX,24
5450,南良,TPEX,20
5452,佶優,TPEX,31
5455,昇益,TPEX,14
5457,宣德,TPEX,28
5460,同協,TPEX,28
5464,霖宏,TPEX,28
5465,富驊,TPEX,25
5468,凱鈺,TPEX,24
5474,聰泰,TPEX,25
5475,德宏,TPEX,28
5478,智冠,TPEX,32
5481,新華,TPEX,20
5483,中美晶,TPEX,24
5487,通泰,TPEX,24
5488,松普,TPEX,28
5489,彩富,TPEX,31
5490,同亨,TPEX,25
5493,三聯,TPEX,31
5498,凱崴,TPEX,28
5508,永信建,TPEX,14
5511,德昌,TPEX,14
5512,力麒,TPEX,14
5514,三豐,TPEX,14
5516,雙喜,TPEX,14
5520,力泰,TPEX,14
5523,豐謙,TPEX,14
5529,鉅陞,TPEX,14
5530,龍巖,TPEX,20
5536,聖暉*,TPEX,31
5543,桓鼎-KY,TPEX,14
5547,久舜,TPEX,14
5548,安倉,TPEX,14
5601,台聯櫃,TPEX,15
5603,陸海,TPEX,15
5604,中連,TPEX,20
5609,中菲行,TPEX,15
5701,劍湖山,TPEX,16
5703,亞都麗緻,TPEX,16
5704,老爺知,TPEX,16
5864,致和證,TPEX,17
5878,台名,TPEX,17
5902,德記,TPEX,38
5903,全家,TPEX,38
5904,寶雅*,TPEX,38
5905,南仁湖,TPEX,16
6015,宏遠證,TPEX,17
6016,康和證,TPEX,17
6020,大展證,TPEX,17
6021,美好證,TPEX,17
6023,元大期貨,TPEX,17
6026,福邦證,TPEX,17
6028,公勝保經,TPEX,17
6101,寬魚國際,TPEX,32
6103,合邦,TPEX,24
6104,創惟,TPEX,24
6109,亞元,TPEX,27
6111,光聚晶電,TPEX,32
6113,亞矽,TPEX,29
6114,久威,TPEX,28
6118,建達,TPEX,29
6121,新普,TPEX,25
6122,擎邦,TPEX,05
6123,上奇,TPEX,30
6124,業強,TPEX,28
6125,廣運,TPEX,05
6126,信音,TPEX,28
6127,九豪,TPEX,28
6129,普誠,TPEX,24
6130,上亞科技,TPEX,22
6134,萬旭,TPEX,28
6138,茂達,TPEX,24
6140,訊達電腦,TPEX,30
6143,振曜,TPEX,27
6144,得利影,TPEX,32
6146,耕興,TPEX,31
6147,頎邦,TPEX,24
6148,驊宏資,TPEX,30
6150,撼訊,TPEX,25
6151,晉倫,TPEX,31
6154,順發,TPEX,29
6156,松上,TPEX,28
6158,禾昌,TPEX,28
6160,欣技,TPEX,25
6161,捷波,TPEX,25
6163,華電網,TPEX,30
6167,久正,TPEX,26
6169,昱泉,TPEX,32
6170,統振,TPEX,27
6171,大城地產,TPEX,14
6173,信昌電,TPEX,28
6174,安碁,TPEX,28
6175,立敦,TPEX,28
6179,亞通,TPEX,20
6180,橘子,TPEX,32
6182,合晶,TPEX,24
6185,幃翔,TPEX,28
6186,新潤,TPEX,14
6187,萬潤,TPEX,24
6188,廣明,TPEX,25
6190,萬泰科,TPEX,27
6194,育富,TPEX,28
6195,詩肯,TPEX,38
6198,瑞築,TPEX,14
6199,天品,TPEX,20
6203,海韻電,TPEX,28
6204,艾華,TPEX,28
6207,雷科,TPEX,28
6208,日揚,TPEX,24
6210,慶生,TPEX,28
6212,理銘,TPEX,14
6217,中探針,TPEX,28
6218,豪勉,TPEX,27
6219,富旺,TPEX,14
6220,岳豐,TPEX,28
6221,晉泰,TPEX,30
6222,立軒,TPEX,26
6223,旺矽,TPEX,24
6227,茂綸,TPEX,29
6228,全譜,TPEX,25
6229,研通,TPEX,24
6231,系微,TPEX,30
6233,旺玖,TPEX,24
6234,高僑,TPEX,26
6236,中湛,TPEX,36
6237,驊訊,TPEX,24
6240,松崗,TPEX,30
6241,鑫永洋,TPEX,27
6242,立康,TPEX,22
6244,茂迪,TPEX,26
6245,立端,TPEX,27
6246,臺龍,TPEX,26
6248,沛波,TPEX,10
6259,百徽,TPEX,28
6261,久元,TPEX,24
6263,普萊德,TPEX,27
6264,富裔,TPEX,14
6265,方土昶,TPEX,29
6266,泰詠,TPEX,28
6270,倍微,TPEX,29
6274,台燿,TPEX,28
6275,元山,TPEX,28
6276,安鈦克,TPEX,25
6279,胡連,TPEX,28
6284,佳邦,TPEX,28
6290,良維,TPEX,28
6291,沛亨,TPEX,24
6292,迅德,TPEX,28
6294,智基,TPEX,32
6411,晶焱,TPEX,24
6417,韋僑,TPEX,27
6418,詠昇,TPEX,28
6419,京晨科,TPEX,26
6423,億而得,TPEX,24
6425,易發,TPEX,05
6432,今展科,TPEX,28
6435,大中,TPEX,24
6441,廣錠,TPEX,25
6461,益得,TPEX,22
6462,神盾,TPEX,24
6465,威潤,TPEX,27
6469,大樹,TPEX,22
6470,宇智,TPEX,27
6474,華豫寧,TPEX,29
6482,弘煜科,TPEX,32
6485,點序,TPEX,24
6486,互動,TPEX,27
6488,環球晶,TPEX,24
6492,生華科,TPEX,22
6494,九齊,TPEX,24
6496,科懋,TPEX,22
6498,久禾光,TPEX,26
6499,益安,TPEX,22
6506,雙邦,TPEX,04
6508,惠光,TPEX,33
6509,聚和,TPEX,21
6510,精測,TPEX,24
6512,啟發電,TPEX,31
6516,勤崴國際,TPEX,30
6517,保勝光學,TPEX,26
6523,達爾膚,TPEX,22
6527,明達醫,TPEX,22
6530,創威,TPEX,27
6532,瑞耘,TPEX,24
6535,順藥,TPEX,22
6538,倉和,TPEX,28
6542,隆中,TPEX,32
6546,正基,TPEX,27
6547,高端疫苗,TPEX,22
6548,長科*,TPEX,24
6556,勝品,TPEX,26
6560,欣普羅,TPEX,26
6561,是方,TPEX,27
6568,宏觀,TPEX,24
6569,醫揚,TPEX,22
6570,維田,TPEX,25
6574,霈方,TPEX,22
6576,逸達,TPEX,22
6577,勁豐,TPEX,25
6578,達邦蛋白,TPEX,33
6584,南俊國際,TPEX,28
6588,東典光電,TPEX,27
6590,普鴻,TPEX,30
6593,台灣銘板,TPEX,30
6596,寬宏藝術,TPEX,32
6597,立誠,TPEX,28
6603,富強鑫,TPEX,05
6609,瀧澤科,TPEX,05
6612,奈米醫材,TPEX,22
6613,朋億*,TPEX,31
6615,慧智,TPEX,22
6616,特昇-KY,TPEX,38
6617,共信-KY,TPEX,22
6620,漢達,TPEX,22
6624,萬年清,TPEX,35
6629,泰金-KY,TPEX,38
6637,醫影,TPEX,22
6640,均華,TPEX,24
6642,富致,TPEX,28
6643,M31,TPEX,24
6649,台生材,TPEX,22
6651,全宇昕,TPEX,24
6654,天正國際,TPEX,31
6661,威健生技,TPEX,22
6662,樂斯科,TPEX,22
6664,群翊,TPEX,28
6667,信紘科,TPEX,31
6679,鈺太,TPEX,24
6680,鑫創電子,TPEX,25
6683,雍智科技,TPEX,24
6684,安格,TPEX,24
6690,安碁資訊,TPEX,36
6692,進能服,TPEX,35
6693,廣閎科,TPEX,24
6697,東捷資訊,TPEX,30
6703,軒郁,TPEX,22
6708,天擎,TPEX,24
6712,長聖,TPEX,22
6716,應廣,TPEX,24
6720,久昌,TPEX,24
6721,信實,TPEX,20
6725,矽科宏晟,TPEX,31
6727,亞泰金屬,TPEX,28
6728,上洋,TPEX,38
6730,常廣,TPEX,22
6732,昇佳電子,TPEX,24
6733,博晟生醫,TPEX,22
6735,美達科技,TPEX,31
6739,竹陞科技,TPEX,31
6741,91APP*-KY,TPEX,36
6751,智聯服務,TPEX,30
6752,叡揚,TPEX,30
6761,穩得,TPEX,28
6762,達亞,TPEX,22
6763,綠界科技*,TPEX,36
6767,台微醫,TPEX,22
6785,昱展新藥,TPEX,22
6788,華景電,TPEX,24
6791,虎門科技,TPEX,30
6803,崑鼎,TPEX,35
6804,明係,TPEX,37
6811,宏碁資訊,TPEX,36
6821,聯寶,TPEX,28
6823,濾能,TPEX,24
6829,千附精密,TPEX,24
6840,東研信超,TPEX,31
6841,長佳智能,TPEX,22
6843,進典,TPEX,05
6844,諾貝兒,TPEX,22
6846,綠茵,TPEX,02
6855,數泓科,TPEX,31
6856,鑫傳,TPEX,32
6859,伯特光,TPEX,26
6865,偉康科技,TPEX,36
6870,騰雲,TPEX,36
6872,浩宇生醫,TPEX,22
6874,倍力,TPEX,30
6875,國邑*,TPEX,22
6877,鏵友益,TPEX,31
6881,潤德,TPEX,20
6884,海柏特,TPEX,30
6894,衛司特,TPEX,35
6895,宏碩系統,TPEX,24
6899,創為精密,TPEX,26
6903,巨漢,TPEX,31
6904,伯鑫,TPEX,20
6907,雅特力-KY,TPEX,24
6910,德鴻,TPEX,36
6913,鴻呈,TPEX,28
6922,宸曜,TPEX,25
6925,意藍,TPEX,36
6929,佑全,TPEX,22
6945,圓祥生技,TPEX,22
6953,家碩,TPEX,24
6961,旅天下,TPEX,16
6967,汎瑋材料,TPEX,28
6968,萬達寵物,TPEX,38
6971,惠民實業,TPEX,35
6982,大井泵浦,TPEX,05
6983,華洋精機,TPEX,31
6986,和迅,TPEX,22
6996,力領科技,TPEX,24
6997,博弘,TPEX,36
7402,邑錡,TPEX,26
7547,碩網,TPEX,36
7556,意德士科技,TPEX,24
7584,樂意,TPEX,32
7642,昶瑞機電,TPEX,05
7703,銳澤,TPEX,31
7704,明遠精密,TPEX,24
7708,全家餐飲,TPEX,16
7709,榮田,TPEX,05
7712,博盛半導體,TPEX,24
7713,威力德生醫,TPEX,22
7714,創泓科技,TPEX,36
7715,裕山,TPEX,35
7716,昱臺國際,TPEX,15
7717,萊德光電-KY,TPEX,27
7718,友鋮,TPEX,05
7723,築間,TPEX,16
7728,光焱科技,TPEX,31
7734,印能科技,TPEX,24
7738,東聯互動,TPEX,36
7743,金利食安,TPEX,02
7744,崴寶,TPEX,28
7747,昕奇雲端,TPEX,36
7751,竑騰,TPEX,24
7753,星亞,TPEX,26
7757,金色三麥,TPEX,16
7767,仁大資訊,TPEX,30
7770,君曜,TPEX,24
7772,耀穎,TPEX,24
7777,能率亞洲,TPEX,20
7782,光速火箭,TPEX,38
7792,安葆,TPEX,31
7794,宏碁智新,TPEX,38
7805,威聯通,TPEX,36
7810,捷創科技,TPEX,24
7811,民盛,TPEX,37
7814,海昌生技,TPEX,22
7819,精誠金融,TPEX,30
7820,立盈,TPEX,35
7828,創新服務,TPEX,24
7839,達人網,TPEX,36
7842,天能綠電,TPEX,35
8024,佑華,TPEX,24
8027,鈦昇,TPEX,05
8032,光菱,TPEX,29
8034,榮群,TPEX,27
8038,長園科,TPEX,28
8040,九暘,TPEX,24
8042,金山電,TPEX,28
8043,蜜望實,TPEX,28
8044,網家,TPEX,36
8047,星雲,TPEX,31
8048,德勝,TPEX,27
8049,晶采,TPEX,26
8050,廣積,TPEX,25
8054,安國,TPEX,24
8059,凱碩,TPEX,27
8064,東捷,TPEX,26
8066,來思達,TPEX,38
8067,志旭,TPEX,29
8068,全達,TPEX,29
8069,元太,TPEX,26
8071,能率網通,TPEX,28
8074,鉅橡,TPEX,28
8076,伍豐,TPEX,25
8077,洛碁,TPEX,16
8080,泰霖,TPEX,14
8083,瑞穎,TPEX,05
8084,巨虹,TPEX,29
8085,福華,TPEX,31
8086,宏捷科,TPEX,24
8087,麗升能源,TPEX,35
8088,品安,TPEX,24
8089,康全電訊,TPEX,27
8091,翔名,TPEX,24
8092,建暐,TPEX,31
8093,保銳,TPEX,28
8096,擎亞,TPEX,29
8097,常珵,TPEX,27
8099,大世科,TPEX,30
8102,傑霖科技,TPEX,24
8107,大億金茂,TPEX,05
8109,博大,TPEX,28
8111,立碁,TPEX,26
8121,越峰,TPEX,28
8147,正淩,TPEX,28
8155,博智,TPEX,28
8171,天宇,TPEX,35
8176,智捷,TPEX,27
8182,加高,TPEX,28
8183,精星,TPEX,31
8227,巨有科技,TPEX,24
8234,新漢,TPEX,25
8240,華宏,TPEX,26
8255,朋程,TPEX,05
8272,全景軟體,TPEX,30
8277,商丞,TPEX,24
8279,生展,TPEX,22
8284,三竹,TPEX,30
8289,泰藝,TPEX,28
8291,尚茂,TPEX,28
8299,群聯,TPEX,24
8342,益張,TPEX,20
8349,恒耀國際,TPEX,10
8354,冠好,TPEX,20
8358,金居,TPEX,28
8383,千附,TPEX,24
8390,金益鼎,TPEX,35
8401,白紗科,TPEX,20
8403,盛弘,TPEX,22
8409,商之器,TPEX,22
8410,森田,TPEX,25
8415,大國鋼,TPEX,10
8416,實威,TPEX,30
8421,旭源,TPEX,20
8423,保綠-KY,TPEX,35
8424,惠普,TPEX,14
8426,紅木-KY,TPEX,20
8431,匯鑽科,TPEX,31
8432,東生華,TPEX,22
8433,弘帆,TPEX,38
8435,鉅邁,TPEX,20
8436,大江,TPEX,22
8437,大地-KY,TPEX,20
8440,綠電,TPEX,35
8444,綠河-KY,TPEX,20
8446,華研,TPEX,32
8450,霹靂,TPEX,32
8455,大拓-KY,TPEX,31
8472,納維康,TPEX,36
8477,創業家,TPEX,36
8489,三貝德,TPEX,20
8905,裕國,TPEX,20
8906,花王,TPEX,20
8908,欣雄,TPEX,23
8916,光隆,TPEX,20
8917,欣泰,TPEX,23
8921,沈氏,TPEX,20
8923,時報,TPEX,32
8924,大田,TPEX,37
8927,北基,TPEX,23
8928,鉅明,TPEX,37
8929,富堡,TPEX,20
8930,青鋼,TPEX,10
8931,大汽電,TPEX,23
8932,智通*,TPEX,36
8933,愛地雅,TPEX,37
8935,邦泰,TPEX,20
8936,國統,TPEX,20
8937,合騏*,TPEX,20
8938,明安,TPEX,37
8941,關中,TPEX,38
8942,森鉅,TPEX,20
9949,琉園,TPEX,32
9950,萬國通,TPEX,03
9951,皇田,TPEX,05
9960,邁達康,TPEX,37
9962,有益,TPEX,10
