exit_mode,max_hold,trades,win_pct,pf,avg_pct,bench_avg_pct,excess_avg_pct,beat_bench_pct,median_pct,median_hold,pct_time_exit,cagr_pct,max_dd_pct,taken
time,60,458,43.01,1.389,2.704,3.315,-0.611,31.2,-3.961,60,59.8,15.48,25.3,278
time,120,432,35.42,1.504,4.473,4.918,-0.445,30.8,-15.6,85,41.7,18.67,29.42,179
time,250,420,29.76,2.104,11.34,8.596,2.744,25.2,-15.6,88,24.8,30.18,28.8,123
ma,60,734,34.6,0.922,-0.17,0.476,-0.646,33.9,-1.247,2,0.0,-1.92,34.59,731
ma,120,734,34.6,0.922,-0.17,0.476,-0.646,33.9,-1.247,2,0.0,-1.92,34.59,731
ma,250,734,34.6,0.922,-0.17,0.476,-0.646,33.9,-1.247,2,0.0,-1.92,34.59,731
armed_ma,60,485,49.07,1.302,1.878,2.413,-0.535,37.5,-0.95,34,28.5,16.18,23.94,324
armed_ma,120,476,49.37,1.332,2.298,2.664,-0.365,39.9,-0.295,34,9.5,17.08,24.2,279
armed_ma,250,475,50.74,1.335,2.406,2.922,-0.515,40.0,0.914,34,2.5,18.67,19.92,261
