code,entry_i,exit_i,entry_date,exit_date,entry,exit,score,ret_gross,hold_days,reason,ret_net,bench_ret,excess
1108,1124,1374,2023-08-21,2024-08-29,12.685538613660954,13.37886898178869,8.709286605041878,0.054655177777086505,250,time,0.04865517777708651,0.31244766481721364,-0.26379248704012714
1219,881,1131,2022-08-17,2023-08-30,17.53723755300716,17.619856595801785,8.014933688508766,0.0047110636749321255,250,time,-0.0012889363250678746,0.20387583935149234,-0.20516477567656022
1229,879,922,2022-08-15,2022-10-17,40.26164581488659,34.222398942653605,8.16438451439298,-0.1499999999999999,43,stop,-0.15599999999999992,-0.11818316932275852,-0.0378168306772414
1304,680,707,2021-10-21,2021-11-29,31.423953358317394,26.710360354569783,8.056194083417331,-0.15000000000000002,27,stop,-0.15600000000000003,0.0467279000212979,-0.20272790002129792
1308,918,1168,2022-10-11,2023-10-25,24.258781523937934,22.760493053501822,8.3043156248941,-0.061762725755934555,250,time,-0.06776272575593456,0.35270076622168745,-0.420463491977622
1310,665,707,2021-09-29,2021-11-29,19.78922548913631,16.82084166576586,8.32182567478512,-0.15000000000000013,42,stop,-0.15600000000000014,0.052591583891824056,-0.2085915838918242
1312,1665,1860,2025-11-11,2026-09-01,10.40530303030303,15.65,8.013223375705879,0.5040407717510011,195,eod,0.49804077175100114,0.40372490896593805,0.0943158627850631
1314,665,811,2021-09-29,2022-05-10,12.244823501539921,10.408099976308932,8.480788429366953,-0.15000000000000002,146,stop,-0.15600000000000003,-0.02331548352650714,-0.1326845164734929
1316,1377,1390,2024-09-03,2024-09-23,19.588775510204083,16.65045918367347,8.036999271033979,-0.15000000000000013,13,stop,-0.15600000000000014,-0.0047675988646042056,-0.15123240113539593
1316,1395,1413,2024-09-30,2024-10-29,16.541632653061228,14.060387755102044,8.089105898287496,-0.15000000000000002,18,stop,-0.15600000000000003,-0.02355559036536292,-0.1324444096346371
1316,1416,1666,2024-11-04,2025-11-12,14.752040816326533,15.25,8.110245934461968,0.033755274261603185,250,time,0.027755274261603187,0.02152638622145875,0.006228888040144438
1319,920,971,2022-10-13,2022-12-23,39.835109067275596,33.85984270718426,8.019218303316736,-0.15000000000000002,51,stop,-0.15600000000000003,0.13522814104405723,-0.29122814104405725
1319,1516,1580,2025-04-08,2025-07-09,104.34543966410182,88.69362371448655,8.05185856132644,-0.1499999999999999,64,stop,-0.15599999999999992,0.1549961370779558,-0.3109961370779557
1342,1506,1516,2025-03-21,2025-04-08,95.14963503649635,80.8771897810219,8.00289005259595,-0.15000000000000002,10,stop,-0.15600000000000003,-0.20853615554000848,0.052536155540008456
1409,629,879,2021-08-06,2022-08-15,15.435963600287511,15.203528793125457,8.030360528865216,-0.015058004357934918,250,time,-0.021058004357934916,-0.0884358137163832,0.06737780935844828
1442,1042,1292,2023-04-21,2024-05-02,27.2350232617424,50.95186886387879,8.22094400342482,0.8708215658274079,250,time,0.8648215658274079,0.3263360096800325,0.5384855561473754
1446,1383,1407,2024-09-11,2024-10-21,41.59612949603995,35.356710071633955,8.133444550257838,-0.15000000000000002,24,stop,-0.15600000000000003,0.05844000249757153,-0.21444000249757156
1447,665,748,2021-09-29,2022-01-26,10.7,9.094999999999999,8.060389275359368,-0.15000000000000002,83,stop,-0.15600000000000003,0.028727882579947295,-0.18472788257994732
1452,638,852,2021-08-19,2022-07-07,18.595113357828154,15.80584635415393,8.088651141393596,-0.15000000000000002,214,stop,-0.15600000000000003,-0.08200516412412118,-0.07399483587587885
1455,644,669,2021-08-27,2021-10-05,17.75678346832589,15.093265948077004,8.044374293979887,-0.15000000000000002,25,stop,-0.15600000000000003,-0.05075108036033282,-0.1052489196396672
1455,751,803,2022-02-09,2022-04-27,14.676525111575478,12.475046344839155,8.041678665519239,-0.15000000000000002,52,stop,-0.15600000000000003,-0.08227317609285112,-0.07372682390714891
1471,1251,1356,2024-03-01,2024-08-05,16.4,13.939999999999998,8.036738425897129,-0.15000000000000002,105,stop,-0.15600000000000003,0.016781947753302662,-0.1727819477533027
1476,838,1088,2022-06-17,2023-06-29,378.1824505141085,460.9436491810728,8.029854300597323,0.21883934210711553,250,time,0.21283934210711553,0.23314196846710167,-0.020302626359986142
1477,422,672,2020-09-29,2021-10-08,116.55721320233566,165.48972680549622,8.001268166231442,0.4198154044590696,250,time,0.4138154044590696,0.3595482810069137,0.054267123452155897
1477,933,1183,2022-11-01,2023-11-15,154.41619559167893,312.640392386863,8.194597735067347,1.0246606334841628,250,time,1.0186606334841628,0.39756281393323434,0.6210978195509285
1503,1473,1512,2025-02-03,2025-03-31,176.16043826150207,149.73637252227675,8.035447698942788,-0.15000000000000002,39,stop,-0.15600000000000003,-0.05370328691919879,-0.10229671308080124
1503,1617,1860,2025-08-29,2026-09-01,184.04373522458627,208.5,8.07226024200049,0.13288289734812242,243,eod,0.12688289734812241,0.38370494984005643,-0.256822052491934
1513,1590,1840,2025-07-23,2026-08-04,150.17464945161737,154.0,8.060537704523366,0.02547267839379952,250,time,0.01947267839379952,0.39741378382513326,-0.37794110543133375
1514,1617,1860,2025-08-29,2026-09-01,103.32090503650255,103.5,8.063830360391584,0.0017333855470407222,243,eod,-0.004266614452959278,0.38370494984005643,-0.3879715642930157
1515,369,568,2020-07-16,2021-05-12,64.5263613476989,54.84740714554406,8.091909812889913,-0.15000000000000002,199,stop,-0.15600000000000003,0.272281884664608,-0.42828188466460804
1517,599,792,2021-06-25,2022-04-12,23.234134607224796,19.749014416141076,8.10373993463321,-0.15000000000000002,193,stop,-0.15600000000000003,0.001410252621050656,-0.15741025262105068
1519,1143,1172,2023-09-15,2023-10-31,189.93692339422972,161.44638488509526,8.09927949857095,-0.15000000000000002,29,stop,-0.15600000000000003,-0.05500421754297269,-0.10099578245702734
1532,569,819,2021-05-13,2022-05-20,24.936264068623583,24.52223547198895,8.4398930527192,-0.01660347337898105,250,time,-0.022603473378981047,0.09197470493924897,-0.11457817831823003
1532,1646,1739,2025-10-14,2026-03-09,26.09035476718404,22.176801552106433,8.986780820998835,-0.15000000000000002,93,stop,-0.15600000000000003,0.06674363395773253,-0.22274363395773256
1608,778,812,2022-03-21,2022-05-11,17.251724226073495,14.663965592162471,8.09919990377331,-0.15000000000000002,34,stop,-0.15600000000000003,-0.09663994439968548,-0.05936005560031454
1608,1416,1462,2024-11-04,2025-01-08,27.06616071114859,23.006236604476303,8.051840067120706,-0.1499999999999999,46,stop,-0.15599999999999992,-0.018268920227621166,-0.13773107977237875
1608,1468,1516,2025-01-16,2025-04-08,22.555133925957158,19.171863837063583,8.022975925346227,-0.15000000000000002,48,stop,-0.15600000000000003,-0.17464358062296026,0.018643580622960232
1609,526,776,2021-03-10,2022-03-17,14.597860970216669,20.873489118601587,8.119053631147453,0.42990052865887596,250,time,0.42390052865887595,0.1889640271228603,0.23493650153601564
1612,686,839,2021-10-29,2022-06-20,17.71127319110977,15.054582212443302,8.259381465023628,-0.15000000000000002,153,stop,-0.15600000000000003,-0.0977340884396034,-0.05826591156039662
1612,1448,1516,2024-12-18,2025-04-08,29.871965796077703,25.391170926666046,8.094617197183432,-0.15000000000000002,68,stop,-0.15600000000000003,-0.1937870697463211,0.03778706974632107
1616,1420,1463,2024-11-08,2025-01-09,19.138831493567036,16.26800676953198,8.432984576189831,-0.15000000000000002,43,stop,-0.15600000000000003,-0.05209704000423099,-0.10390295999576904
1618,1595,1670,2025-07-30,2025-11-18,46.273861912557635,39.332782625673985,8.014332799378497,-0.15000000000000013,75,stop,-0.15600000000000014,0.036030739602955775,-0.1920307396029559
1708,746,996,2022-01-24,2023-02-09,25.22250744572966,33.48586982839708,8.40101292324593,0.32761859226119316,250,time,0.32161859226119316,-0.023036636240325814,0.344655228501519
1709,877,1127,2022-08-11,2023-08-24,19.64065223186311,20.049900567898472,8.01248548817253,0.020836799674678552,250,time,0.014836799674678552,0.22227849102805886,-0.2074416913533803
1710,573,823,2021-05-19,2022-05-26,18.856450578426024,18.385039313965372,8.118428656839871,-0.025000000000000133,250,time,-0.03100000000000013,0.07165695214634837,-0.10265695214634851
1712,855,1105,2022-07-12,2023-07-24,23.940068094388007,30.730953038566263,8.072439271081498,0.28366188923957836,250,time,0.27766188923957835,0.37907309475645956,-0.10141120551688121
1722,834,909,2022-06-13,2022-09-27,55.3467700704067,47.04475455984569,8.110064179750756,-0.15000000000000002,75,stop,-0.15600000000000003,-0.08538952734825345,-0.07061047265174658
1731,453,703,2020-11-16,2021-11-23,12.71495204593738,14.691946757708482,8.039927096690622,0.15548581737693468,250,time,0.14948581737693467,0.37123851130337915,-0.22175269392644448
1732,1616,1860,2025-08-28,2026-09-01,28.19388703084355,26.1,8.283604918436323,-0.07426741224269207,244,eod,-0.08026741224269207,0.3847959916079198,-0.46506340385061185
1736,387,637,2020-08-11,2021-08-18,60.693470498699966,57.526603364944265,8.267242792803746,-0.05217805321947333,250,time,-0.05817805321947333,0.38010663902501163,-0.43828469224448496
1736,1429,1679,2024-11-21,2025-12-01,137.32052930991836,156.3923076923077,8.013237383999465,0.13888512138885134,250,time,0.13288512138885133,0.02444052219138948,0.10844459919746186
1760,1264,1356,2024-03-20,2024-08-05,95.8740743531911,81.49296320021244,8.051905454623187,-0.1499999999999999,92,stop,-0.15599999999999992,0.019338550596238013,-0.17533855059623793
1773,674,924,2021-10-13,2022-10-19,79.13664970659332,79.3788373575548,8.042233448763815,0.0030603728090514704,250,time,-0.0029396271909485298,-0.10093601700460075,0.09799638981365222
1789,1324,1356,2024-06-18,2024-08-05,27.86972441471488,23.689265752507648,8.186976297245355,-0.15000000000000002,32,stop,-0.15600000000000003,-0.10000629670678851,-0.055993703293211516
1795,482,501,2020-12-25,2021-01-22,73.4378717778988,62.42219101121398,8.11048593242145,-0.15000000000000002,19,stop,-0.15600000000000003,-0.007149631732744299,-0.14885036826725573
1795,1463,1512,2025-01-09,2025-03-31,261.3320170481526,222.1322144909297,8.002471743742417,-0.15000000000000002,49,stop,-0.15600000000000003,-0.05528817623920812,-0.10071182376079191
1903,674,803,2021-10-13,2022-04-27,66.6,56.60999999999999,8.009394609738099,-0.15000000000000002,129,stop,-0.15600000000000003,0.03376296687015978,-0.1897629668701598
1904,1206,1356,2023-12-18,2024-08-05,28.448425415527037,24.18116160319798,8.000898031302583,-0.15000000000000002,150,stop,-0.15600000000000003,0.07003374693561759,-0.22603374693561762
1906,816,1066,2022-05-17,2023-05-26,16.304779286523654,15.34382504826255,8.13744953772491,-0.05893696696988471,250,time,-0.06493696696988471,0.1425601992817389,-0.20749716625162362
2002,647,674,2021-09-01,2021-10-13,31.990072980780493,27.19156203366342,8.03201951860189,-0.15000000000000002,27,stop,-0.15600000000000003,-0.08050186751080912,-0.0754981324891909
2002,677,848,2021-10-18,2022-07-01,27.97563244985902,23.779287582380167,8.133376525849267,-0.15000000000000002,171,stop,-0.15600000000000003,-0.10983142863819872,-0.0461685713618013
2012,677,839,2021-10-18,2022-06-20,22.621898141557356,19.228613420323754,8.113050248181077,-0.1499999999999999,162,stop,-0.15599999999999992,-0.06360354716832273,-0.09239645283167719
2014,755,810,2022-02-15,2022-05-09,35.46365187296972,30.14410409202426,8.118121845484197,-0.15000000000000002,55,stop,-0.15600000000000003,-0.08714879231599837,-0.06885120768400166
2015,665,908,2021-09-29,2022-09-26,59.19445538833793,50.31528708008724,8.615427462240797,-0.15000000000000002,243,stop,-0.15600000000000003,-0.10020759581029803,-0.055792404189701994
2020,681,839,2021-10-22,2022-06-20,18.45271739232291,15.684809783474472,8.113496724254405,-0.15000000000000002,158,stop,-0.15600000000000003,-0.07664685172733487,-0.07935314827266515
2023,759,810,2022-02-21,2022-05-09,20.89088046650987,17.757248396533388,8.025712913340925,-0.15000000000000002,51,stop,-0.15600000000000003,-0.1083468190612703,-0.04765318093872972
2027,752,811,2022-02-10,2022-05-10,32.996418191990514,28.046955463191935,8.131929744013178,-0.15000000000000002,59,stop,-0.15600000000000003,-0.10012045254513868,-0.055879547454861345
2029,723,745,2021-12-21,2022-01-21,26.10720150011472,22.19112127509751,8.016455281768545,-0.15000000000000002,22,stop,-0.15600000000000003,-0.034924364299317,-0.12107563570068303
2030,791,810,2022-04-11,2022-05-09,27.935364003790745,23.745059403222132,8.086061984175503,-0.15000000000000002,19,stop,-0.15600000000000003,-0.07419932160082332,-0.08180067839917671
2031,1003,1253,2023-02-20,2024-03-05,37.13665493626718,55.855130604951704,8.008051922576495,0.5040431266846359,250,time,0.4980431266846359,0.3025207711675042,0.1955223555171317
2031,1636,1671,2025-09-25,2025-11-19,39.86107784431138,33.88191616766467,8.024458480097573,-0.15000000000000013,35,stop,-0.15600000000000014,-0.05143576106355452,-0.10456423893644562
2034,692,839,2021-11-08,2022-06-20,24.908676666010965,21.17237516610932,8.036864576717058,-0.15000000000000002,147,stop,-0.15600000000000003,-0.11601307985923393,-0.0399869201407661
2049,507,568,2021-02-01,2021-05-12,346.5072599190873,294.5311709312242,8.35364977583509,-0.1499999999999999,61,stop,-0.15599999999999992,0.1253736353282051,-0.28137363532820503
2059,746,801,2022-01-24,2022-04-25,418.6067112353385,355.8157045500377,8.337664074902051,-0.15000000000000002,55,stop,-0.15600000000000003,-0.031061413654914327,-0.1249385863450857
2059,823,1021,2022-05-26,2023-03-20,408.3741027384747,347.1179873277035,8.34158841387666,-0.15000000000000002,198,stop,-0.15600000000000003,0.06802152045689991,-0.22402152045689994
2059,1265,1356,2024-03-21,2024-08-05,1213.2174995799637,1031.234874642969,8.224150521151302,-0.15000000000000002,91,stop,-0.15600000000000003,0.006354529088363092,-0.16235452908836312
2059,1468,1718,2025-01-16,2026-01-27,1389.6555291916907,3487.6981392143352,8.20232682052017,1.50975732183284,250,time,1.50375732183284,0.18393420256294601,1.319823119269894
2103,620,855,2021-07-26,2022-07-12,25.698543145963264,21.843761674068773,8.1385893590423,-0.15000000000000002,235,stop,-0.15600000000000003,-0.2012730495714815,0.04527304957148148
2105,448,698,2020-11-09,2021-11-16,30.16599062055023,28.391567421056035,8.05235899724526,-0.058821976768944184,250,time,-0.06482197676894419,0.38119901153724256,-0.44602098830618675
2106,614,636,2021-07-16,2021-08-17,30.930561092993894,26.29097692904481,8.084610393752186,-0.15000000000000002,22,stop,-0.15600000000000003,-0.1019285468259481,-0.05407145317405193
2108,633,660,2021-08-12,2021-09-22,89.03063590766388,75.6760405215143,8.024181977683329,-0.15000000000000002,27,stop,-0.15600000000000003,-0.03491965560690047,-0.12108034439309956
2208,1100,1166,2023-07-17,2023-10-23,22.786788990825688,19.368770642201834,8.243948190965543,-0.15000000000000002,66,stop,-0.15600000000000003,-0.0465944572004221,-0.10940554279957793
2211,834,920,2022-06-13,2022-10-13,43.15764755055496,36.68400041797172,8.695745620018704,-0.15000000000000002,86,stop,-0.15600000000000003,-0.15723654720616664,0.001236547206166616
2233,633,669,2021-08-12,2021-10-05,92.88069297594116,78.94858902954998,8.177301714437256,-0.15000000000000002,36,stop,-0.15600000000000003,-0.061674639180462565,-0.09432536081953746
2247,1130,1380,2023-08-29,2024-09-06,255.08785574312492,258.95057225408664,8.984392462732396,0.015142690739662346,250,time,0.009142690739662345,0.24771855788547548,-0.23857586714581314
2303,983,1233,2023-01-11,2024-01-25,36.931347060391936,44.68647104058198,8.116678301693636,0.20998757417400693,250,time,0.20398757417400692,0.31119155328183234,-0.10720397910782542
2314,1020,1139,2023-03-17,2023-09-11,42.03124165554072,35.72655540720961,8.202793366338282,-0.15000000000000002,119,stop,-0.15600000000000003,0.14259421987204646,-0.2985942198720465
2316,1666,1739,2025-11-12,2026-03-09,100.02884615384616,85.02451923076923,8.009178305211272,-0.15000000000000002,73,stop,-0.15600000000000003,0.043780184793593246,-0.19978018479359327
2317,1589,1839,2025-07-22,2026-08-03,160.22298387096774,244.5,8.018644024258574,0.5259982937086167,250,time,0.5199982937086167,0.39896824144225906,0.12103005226635766
2323,431,681,2020-10-15,2021-10-22,6.919645523576767,7.977452691940111,8.095841433344452,0.15287013832705165,250,time,0.14687013832705165,0.3211409201039086,-0.17427078177685695
2327,457,707,2020-11-20,2021-11-29,293.0008515499706,326.96836959794075,8.995876247607676,0.11592975879859191,250,time,0.1099297587985919,0.3268234179176752,-0.21689365911908332
2328,765,855,2022-03-02,2022-07-12,33.001920614429885,28.0516325222654,8.055260602688078,-0.15000000000000002,90,stop,-0.15600000000000003,-0.19342455816860094,0.03742455816860091
2329,1604,1854,2025-08-12,2026-08-24,39.82189753320683,43.15,8.05267270309497,0.08357468310037008,250,time,0.07757468310037008,0.3931098886230753,-0.3155352055227052
2330,1001,1251,2023-02-16,2024-03-01,497.3391671276042,670.3520278869307,8.685295501591959,0.3478770066684411,250,time,0.3418770066684411,0.3083643394676887,0.03351266720075241
2331,1680,1836,2025-12-02,2026-07-29,21.0,17.849999999999998,8.082144163439533,-0.15000000000000013,156,stop,-0.15600000000000014,0.20301348492988303,-0.35901348492988316
2337,741,848,2022-01-17,2022-07-01,34.726677993800145,29.517676294730123,8.006667077826346,-0.15000000000000002,107,stop,-0.15600000000000003,-0.1853330925332367,0.029333092533236682
2344,567,571,2021-05-11,2021-05-17,28.40126648817277,24.141076514946853,8.017910876237941,-0.15000000000000002,4,stop,-0.15600000000000003,-0.1280908496445422,-0.027909150355457824
2344,578,660,2021-05-26,2021-09-22,28.987324368087442,24.639225712874325,8.031255030417526,-0.15000000000000002,82,stop,-0.15600000000000003,0.05064122615426769,-0.20664122615426772
2345,285,535,2020-03-13,2021-03-23,131.84061028616148,239.81704809029299,8.481458868160448,0.8189922480620158,250,time,0.8129922480620158,0.7032009451300971,0.10979130293191863
2353,571,821,2021-05-17,2022-05-24,20.164434543008134,21.316338703577312,8.674851963720657,0.05712553744625537,250,time,0.05112553744625537,0.14930445354715483,-0.09817891610089946
2353,1167,1417,2023-10-24,2024-11-05,31.20029669799183,36.841975344706704,8.041389440712651,0.18082131401904245,250,time,0.17482131401904244,0.26185591835473465,-0.08703460433569221
2356,1466,1512,2025-01-14,2025-03-31,47.21080241187384,40.129182050092766,8.014507536409466,-0.15000000000000002,46,stop,-0.15600000000000003,-0.04045527108220526,-0.11554472891779477
2360,960,1210,2022-12-08,2023-12-22,173.70471845995115,194.73792952470384,8.225115801094004,0.12108600878105702,250,time,0.11508600878105701,0.30801825889519563,-0.19293225011413861
2364,1498,1515,2025-03-11,2025-04-07,58.91070304632427,50.07409758937563,8.065746367211053,-0.15000000000000002,17,stop,-0.15600000000000003,-0.14611514129558245,-0.009884858704417576
2368,1501,1515,2025-03-14,2025-04-07,218.44369202226343,185.67713821892391,8.104850464238345,-0.15000000000000002,14,stop,-0.15600000000000003,-0.1461073839837551,-0.009892616016244915
2374,813,1063,2022-05-12,2023-05-23,18.325095273689065,16.491266445004563,8.091460604606334,-0.10007199424046054,250,time,-0.10607199424046054,0.1927037609314215,-0.29877575517188204
2376,583,632,2021-06-02,2021-08-11,84.24182076818035,71.60554765295329,8.035369958221223,-0.15000000000000002,49,stop,-0.15600000000000003,0.0333016988476289,-0.18930169884762893
2376,1263,1351,2024-03-19,2024-07-29,282.28394195171154,239.9413506589548,8.054035089560022,-0.15000000000000002,88,stop,-0.15600000000000003,0.11418030453867711,-0.27018030453867714
2376,1431,1473,2024-11-25,2025-02-03,265.57292666570237,225.736987665847,8.326455427522722,-0.15000000000000002,42,stop,-0.15600000000000003,-0.05356805238867268,-0.10243194761132735
2377,425,675,2020-10-06,2021-10-14,100.05065252349148,113.70135109339328,8.374786939276445,0.136437876471587,250,time,0.130437876471587,0.2913028142208176,-0.1608649377492306
2377,751,781,2022-02-09,2022-03-24,124.11062971461944,105.49403525742652,8.00620165870378,-0.15000000000000002,30,stop,-0.15600000000000003,-0.0008308753998510499,-0.15516912460014898
2382,1578,1828,2025-07-07,2026-07-17,266.1377952755905,346.0,8.438713199495963,0.30007840352667947,250,time,0.29407840352667947,0.4703997464161307,-0.17632134288945123
2383,282,287,2020-03-10,2020-03-17,98.60341439534666,83.81290223604466,8.001120835437288,-0.15000000000000002,5,stop,-0.15600000000000003,-0.1833447212194086,0.027344721219408563
2383,293,543,2020-03-25,2021-04-06,87.37011402119325,146.0259465139223,8.097347352555554,0.6713489292059409,250,time,0.6653489292059409,0.907317106620501,-0.24196817741456011
2383,668,847,2021-10-04,2022-06-30,186.49604334318724,158.52163684170915,8.250381665582726,-0.15000000000000002,179,stop,-0.15600000000000003,-0.042161600241443,-0.11383839975855703
2383,1346,1356,2024-07-18,2024-08-05,432.37876036884626,367.5219463135193,8.105605061314769,-0.15000000000000002,10,stop,-0.15600000000000003,-0.14123100113133802,-0.014768998868662009
2387,529,568,2021-03-15,2021-05-12,42.81915311809736,36.39628015038276,8.227709024935152,-0.15000000000000002,39,stop,-0.15600000000000003,0.0010629337792140703,-0.1570629337792141
2388,827,838,2022-06-01,2022-06-17,52.65972659478529,44.760767605567494,8.005363413522124,-0.15000000000000002,11,stop,-0.15600000000000003,-0.05518669897353312,-0.1008133010264669
2397,1497,1515,2025-03-10,2025-04-07,70.65339383417506,60.0553847590488,8.138630148072814,-0.15000000000000002,18,stop,-0.15600000000000003,-0.15740129614032272,0.0014012961403226942
2404,1626,1637,2025-09-11,2025-09-26,1036.692607003891,881.1887159533073,8.163299495849431,-0.15000000000000002,11,stop,-0.15600000000000003,-0.00922609096268634,-0.1467739090373137
2405,1667,1729,2025-11-13,2026-02-11,18.243313953488375,15.506816860465118,8.006337501805834,-0.15000000000000002,62,stop,-0.15600000000000003,0.06330866024704673,-0.21930866024704676
2406,1244,1448,2024-02-20,2024-12-18,17.75,15.0875,8.103780090304669,-0.15000000000000002,204,stop,-0.15600000000000003,0.08963686819100447,-0.2456368681910045
2408,693,846,2021-11-09,2022-06-29,61.19085099327688,52.012223344285346,8.763357480213589,-0.15000000000000002,153,stop,-0.15600000000000003,-0.10126956022936462,-0.05473043977063541
2417,499,567,2021-01-20,2021-05-11,44.08983250221037,37.476357626878816,8.05913254662072,-0.15000000000000002,68,stop,-0.15600000000000003,0.18259295675888199,-0.338592956758882
2419,1425,1498,2024-11-15,2025-03-11,31.9,27.115,8.332815487851276,-0.15000000000000002,73,stop,-0.15600000000000003,-0.0015592313243661948,-0.15444076867563383
2421,444,562,2020-11-03,2021-05-04,45.995429058460246,39.096114699691206,8.062030136782253,-0.15000000000000002,118,stop,-0.15600000000000003,0.30704739255439417,-0.4630473925543942
2421,1487,1515,2025-02-21,2025-04-07,89.636220912742,76.1907877758307,8.214723059742559,-0.15000000000000002,28,stop,-0.15600000000000003,-0.18688195743841962,0.030881957438419594
2425,1607,1635,2025-08-15,2025-09-24,36.81245551601423,31.290587188612097,8.784353284044006,-0.15000000000000002,28,stop,-0.15600000000000003,0.03195906543868099,-0.18795906543868102
2441,661,792,2021-09-23,2022-04-12,63.76757563636767,54.202439290912515,8.05835533251698,-0.15000000000000002,131,stop,-0.15600000000000003,0.0302425285256549,-0.18624252852565493
2451,648,898,2021-09-02,2022-09-12,51.93710825645297,53.20894121665072,8.160844653620726,0.02448794326241166,250,time,0.01848794326241166,-0.052978938777625606,0.07146688204003726
2454,629,803,2021-08-06,2022-04-27,701.1241362043222,595.9555157736738,8.00215375416366,-0.15000000000000013,174,stop,-0.15600000000000014,-0.07176569593487692,-0.08423430406512322
2454,1282,1532,2024-04-17,2025-04-30,976.0169075851926,1310.1609595922537,8.18710905765601,0.3423547782935257,250,time,0.33635477829352567,-0.07779819778257868,0.41415297607610435
2455,1280,1298,2024-04-15,2024-05-10,153.6694709766957,130.61905033019133,8.642879253825937,-0.15000000000000002,18,stop,-0.15600000000000003,0.015987543816963212,-0.17198754381696324
2460,572,660,2021-05-18,2021-09-22,26.437535816618908,22.471905444126072,8.073511362026334,-0.15000000000000002,88,stop,-0.15600000000000003,0.1103798168572383,-0.2663798168572383
2467,579,669,2021-05-27,2021-10-05,39.51648064858305,33.58900855129559,8.410428628922626,-0.15000000000000002,90,stop,-0.15600000000000003,0.01902034428220123,-0.17502034428220126
2467,1358,1516,2024-08-07,2025-04-08,151.54581467914804,128.81394247727582,8.130626449849286,-0.15000000000000013,158,stop,-0.15600000000000014,-0.18468608660240227,0.028686086602402128
2471,1240,1356,2024-02-05,2024-08-05,47.88907824040321,40.705716504342725,8.095357850568345,-0.15000000000000002,116,stop,-0.15600000000000003,0.07872286330404443,-0.23472286330404446
2474,280,284,2020-03-06,2020-03-12,159.3988323048754,135.4890074591441,8.141120764358018,-0.15000000000000002,4,stop,-0.15600000000000003,-0.10634348029674512,-0.04965651970325491
2481,526,568,2021-03-10,2021-05-12,41.78125563444339,35.51406728927688,8.147509719047045,-0.15000000000000002,42,stop,-0.15600000000000003,0.028497445995120607,-0.18449744599512063
2482,949,1199,2022-11-23,2023-12-07,21.631799774865534,38.81855674967312,8.184893757012984,0.7945135011270426,250,time,0.7885135011270425,0.34648192350768015,0.4420315776193624
2489,663,803,2021-09-27,2022-04-27,14.405468552321967,12.244648269473672,8.01554043832291,-0.15000000000000002,140,stop,-0.15600000000000003,-0.029042857709973502,-0.12695714229002653
2497,1355,1357,2024-08-02,2024-08-06,55.368902439024396,47.06356707317074,8.290879687847875,-0.15000000000000002,2,stop,-0.15600000000000003,-0.1000612576975588,-0.055938742302441224
2501,1416,1512,2024-11-04,2025-03-31,23.172310187475944,19.696463659354553,8.217247876258911,-0.15000000000000002,96,stop,-0.15600000000000003,-0.09594311234958797,-0.06005688765041206
2501,1672,1860,2025-11-20,2026-09-01,20.212340425531917,22.5,8.080500273088782,0.11318133013326581,188,eod,0.1071813301332658,0.4313279358558786,-0.3241466057226128
2506,570,820,2021-05-14,2022-05-23,8.483738770875407,8.216888039696636,8.045478756498852,-0.031454378592474685,250,time,-0.037454378592474684,0.0994494066317142,-0.1369037852241889
2509,632,803,2021-08-11,2022-04-27,18.85,16.0225,8.13574796378592,-0.15000000000000002,171,stop,-0.15600000000000003,-0.029723950728709037,-0.126276049271291
2509,1357,1390,2024-08-06,2024-09-23,23.0,19.55,8.246695544218863,-0.15000000000000002,33,stop,-0.15600000000000003,0.12045975983876112,-0.27645975983876114
2520,441,691,2020-10-29,2021-11-05,20.522840260257066,26.41315486242082,8.49063919353052,0.2870126418890704,250,time,0.2810126418890704,0.3818052168829391,-0.10079257499386873
2520,1357,1517,2024-08-06,2025-04-09,41.9821487986631,35.684826478863634,8.258058212180266,-0.1499999999999999,160,stop,-0.15599999999999992,-0.21026230897075848,0.054262308970758566
2527,1447,1515,2024-12-17,2025-04-07,33.47309048178614,28.452126909518217,9.27465460072207,-0.15000000000000002,68,stop,-0.15600000000000003,-0.13173855382625055,-0.02426144617374948
2528,1512,1516,2025-03-31,2025-04-08,32.24929477330706,27.411900557310997,8.762348964748183,-0.15000000000000002,4,stop,-0.15600000000000003,-0.13116462472623758,-0.02483537527376245
2530,1301,1398,2024-05-15,2024-10-07,40.94284246067418,34.80141609157305,8.241141515776286,-0.15000000000000002,97,stop,-0.15600000000000003,0.06281901744072704,-0.21881901744072707
2537,814,908,2022-05-13,2022-09-26,8.647409040793823,7.350297684674749,8.379165086989492,-0.15000000000000002,94,stop,-0.15600000000000003,-0.06258168566126843,-0.0934183143387316
2538,1358,1427,2024-08-07,2024-11-19,16.760293702960883,14.24624964751675,8.07524702707163,-0.15000000000000002,69,stop,-0.15600000000000003,0.026753346221652707,-0.18275334622165273
2539,1526,1671,2025-04-22,2025-11-19,41.84396694214876,35.567371900826444,8.68585009996463,-0.15000000000000002,145,stop,-0.15600000000000003,0.2086189392483424,-0.36461893924834243
2542,1450,1515,2024-12-20,2025-04-07,42.21103910614526,35.87938324022347,8.149691558441559,-0.15000000000000002,65,stop,-0.15600000000000003,-0.12805841407284257,-0.027941585927157453
2545,1360,1577,2024-08-09,2025-07-04,45.19993810444875,38.41994738878144,8.830699318393508,-0.1499999999999999,217,stop,-0.15599999999999992,-0.06073387128769947,-0.09526612871230045
2548,1358,1409,2024-08-07,2024-10-23,115.88435658045707,98.5017030933885,9.030404512582185,-0.15000000000000002,51,stop,-0.15600000000000003,0.07057729752172692,-0.22657729752172695
2597,1361,1611,2024-08-12,2025-08-21,107.49742426552288,145.88457765667576,8.060452365375713,0.35709835517858646,250,time,0.35109835517858645,0.00772237609125237,0.3433759790873341
2603,731,743,2022-01-03,2022-01-19,49.864868016076606,42.38513781366511,8.189496381613946,-0.15000000000000013,12,stop,-0.15600000000000014,-0.039093468765582284,-0.11690653123441785
2603,753,839,2022-02-11,2022-06-20,46.71550793085071,39.70818174122311,8.015145080819746,-0.1499999999999999,86,stop,-0.15599999999999992,-0.14590637627539893,-0.010093623724600986
2603,1401,1651,2024-10-11,2025-10-21,149.35696577481568,172.03968253968253,8.659755570460302,0.1518691588785046,250,time,0.1458691588785046,0.02628751549387509,0.11958164338462951
2605,368,618,2020-07-15,2021-07-22,12.011472451157509,32.89454945639214,8.014074313809626,1.7385942556295162,250,time,1.7325942556295162,0.5011866592171796,1.2314075964123365
2605,737,837,2022-01-11,2022-06-16,23.317655310860253,19.820007014231216,8.020960096884192,-0.15000000000000002,100,stop,-0.15600000000000003,-0.10164885841432947,-0.05435114158567056
2605,1004,1254,2023-02-21,2024-03-06,18.24538546572451,24.030657937634004,8.01570440135616,0.31708140574928456,250,time,0.31108140574928456,0.3037364377362932,0.0073449680129913375
2606,733,748,2022-01-05,2022-01-26,46.56626689978729,39.5813268648192,8.201213379213547,-0.1499999999999999,15,stop,-0.15599999999999992,-0.07561773890022938,-0.08038226109977054
2606,766,838,2022-03-03,2022-06-17,46.33800088557264,39.38730075273674,9.115222224509274,-0.15000000000000002,72,stop,-0.15600000000000003,-0.11284780499579905,-0.04315219500420098
2609,729,739,2021-12-29,2022-01-13,59.5984005873901,50.65864049928159,8.179365612922018,-0.15000000000000002,10,stop,-0.15600000000000003,-0.03480311943883596,-0.12119688056116407
2609,760,842,2022-02-22,2022-06-23,55.577873563637596,47.241192529091954,8.240306133788874,-0.15000000000000002,82,stop,-0.15600000000000003,-0.1297846374769105,-0.026215362523089536
2609,854,893,2022-07-11,2022-09-02,52.37504399001676,44.518787391514245,8.11925915531792,-0.15000000000000013,39,stop,-0.15600000000000014,0.09038594782541098,-0.24638594782541112
2609,1408,1517,2024-10-22,2025-04-09,59.35450596726104,50.451330072171885,8.107015387445065,-0.15000000000000002,109,stop,-0.15600000000000003,-0.3000145872027802,0.14401458720278015
2612,835,841,2022-06-14,2022-06-22,40.474079817150816,34.40296784457819,8.04281797061432,-0.15000000000000002,6,stop,-0.15600000000000003,-0.06356698480663447,-0.09243301519336555
2615,757,782,2022-02-17,2022-03-25,122.55385711275093,104.17077854583829,8.228514442197428,-0.15000000000000002,25,stop,-0.15600000000000003,-0.0023719406922856345,-0.1536280593077144
2615,1391,1516,2024-09-24,2025-04-08,77.11531644249816,65.54801897612343,8.163335644298218,-0.15000000000000002,125,stop,-0.15600000000000003,-0.23153997673798077,0.07553997673798074
2615,1530,1780,2025-04-28,2026-05-08,76.46494630382648,75.27028985507245,9.083811463362352,-0.015623583177671652,250,time,-0.02162358317767165,0.4867346160482353,-0.508358199225907
2618,838,920,2022-06-17,2022-10-13,25.396281542020514,21.586839310717437,8.016806800350386,-0.15000000000000002,82,stop,-0.15600000000000003,-0.1283572650858127,-0.02764273491418734
2618,1122,1161,2023-08-17,2023-10-16,28.224347305809612,23.99069520993817,8.010189142484473,-0.15000000000000002,39,stop,-0.15600000000000003,0.02008375366456927,-0.1760837536645693
2704,1359,1464,2024-08-08,2025-01-10,61.86742855368277,52.58731427063035,8.028628522425267,-0.15000000000000002,105,stop,-0.15600000000000003,-0.000766203477341576,-0.15523379652265845
2727,569,819,2021-05-13,2022-05-20,81.45548829492574,77.65321486582006,8.042966486919598,-0.04667915580272253,250,time,-0.052679155802722526,0.09197470493924897,-0.1446538607419715
2727,879,1129,2022-08-15,2023-08-28,88.32593160093278,207.56593926219202,8.179801925307572,1.35,250,time,1.344,0.18672513906678656,1.1572748609332135
2731,1501,1516,2025-03-14,2025-04-08,113.36202761627906,96.3577234738372,8.157725107252725,-0.15000000000000002,15,stop,-0.15600000000000003,-0.2012256931123998,0.04522569311239977
2753,1128,1378,2023-08-25,2024-09-04,139.5649863354306,126.82274271281695,8.034520091893746,-0.091299716047612,250,time,-0.097299716047612,0.2454868079962209,-0.3427865240438329
2834,861,1111,2022-07-20,2023-08-01,8.363744760783495,10.623405628610236,8.019608252045394,0.27017334130304826,250,time,0.26417334130304826,0.30809176648459324,-0.043918425181544984
2851,715,861,2021-12-09,2022-07-20,21.6181682362096,18.37544300077816,8.032134367096134,-0.15000000000000002,146,stop,-0.15600000000000003,-0.14345096241224486,-0.012549037587755163
2855,1357,1516,2024-08-06,2025-04-08,20.364688759360103,17.309985445456086,9.179903655023201,-0.15000000000000013,159,stop,-0.15600000000000014,-0.14019539571612027,-0.015804604283879864
2886,999,1249,2023-02-14,2024-02-27,27.67930663095313,33.09167304600152,8.023573175651672,0.19553836688220594,250,time,0.18953836688220593,0.3052254427672607,-0.11568707588505478
2892,924,1174,2022-10-19,2023-11-02,19.463183138329754,22.540146431506017,8.442049518928078,0.1580914730806111,250,time,0.1520914730806111,0.3561838915439246,-0.2040924184633135
2906,857,920,2022-07-14,2022-10-13,15.528298885712518,13.19905405285564,8.007200903249965,-0.15000000000000002,63,stop,-0.15600000000000003,-0.07282882177517547,-0.08317117822482456
2913,758,810,2022-02-18,2022-05-09,21.7,18.445,8.005188400565924,-0.1499999999999999,52,stop,-0.15599999999999992,-0.10600409293248492,-0.049995907067515
3004,1233,1483,2024-01-25,2025-02-17,80.28686393113793,90.3355422044227,8.092875442387431,0.12515968093987984,250,time,0.11915968093987983,0.18498107751061488,-0.06582139657073505
3008,277,285,2020-03-03,2020-03-13,3607.8541678645906,3066.676042684902,8.22834538182443,-0.15000000000000002,8,stop,-0.15600000000000003,-0.14550053329603696,-0.010499466703963067
3010,1357,1498,2024-08-06,2025-03-11,116.69210081830033,99.18828569555528,8.429485981516981,-0.15000000000000002,141,stop,-0.15600000000000003,0.07641471184172066,-0.2324147118417207
3014,711,839,2021-12-03,2022-06-20,73.95695939646188,62.8634154869926,8.032831881218744,-0.15000000000000002,128,stop,-0.15600000000000003,-0.13874132781909376,-0.017258672180906265
3014,1184,1434,2023-11-16,2024-11-28,130.60632485197345,123.10998549656432,8.049606967196409,-0.05739644970414204,250,time,-0.06339644970414204,0.177567428311169,-0.24096387801531105
3015,1607,1758,2025-08-15,2026-04-07,55.701650165016495,47.34640264026402,8.254036520005595,-0.15000000000000002,151,stop,-0.15600000000000003,0.11676752565329584,-0.2727675256532959
3017,1269,1512,2024-03-27,2025-03-31,526.4027183355217,447.44231058519347,8.124070265746349,-0.15000000000000002,243,stop,-0.15600000000000003,-0.027853321610849524,-0.1281466783891505
3017,1619,1860,2025-09-02,2026-09-01,957.3647578253706,3410.0,8.466509200910922,2.5618607977023586,241,eod,2.555860797702359,0.41782906629601535,2.1380317314063433
3029,301,551,2020-04-08,2021-04-16,19.669137029638318,34.065358069754474,8.091938958006981,0.7319193017173706,250,time,0.7259193017173706,0.8106530569060952,-0.08473375518872461
3029,1641,1726,2025-10-03,2026-02-06,118.69703389830508,100.89247881355932,8.110812437602718,-0.1499999999999999,85,stop,-0.15599999999999992,0.05753751234513005,-0.21353751234512997
3030,1628,1643,2025-09-15,2025-10-08,182.94736842105263,155.50526315789475,8.222881785285038,-0.1499999999999999,15,stop,-0.15599999999999992,0.01776335624703096,-0.17376335624703088
3033,1453,1516,2024-12-25,2025-04-08,31.02370232607617,26.370146977164744,8.04141937195248,-0.15000000000000002,63,stop,-0.15600000000000003,-0.20598096277382305,0.04998096277382302
3034,725,749,2021-12-23,2022-02-07,348.1902893734728,295.96174596745186,8.066412190930055,-0.15000000000000002,24,stop,-0.15600000000000003,-0.0438829450589151,-0.11211705494108493
3035,810,828,2022-05-09,2022-06-02,244.27931674068566,207.6374192295828,8.013868172805365,-0.15000000000000002,18,stop,-0.15600000000000003,0.04591369306339699,-0.20191369306339702
3037,1631,1860,2025-09-18,2026-09-01,148.15729349324866,971.0,8.016720568740507,5.553845424047567,229,eod,5.5478454240475665,0.3824121302267467,5.16543329382082
3041,821,838,2022-05-24,2022-06-17,29.8,25.33,8.011311813323255,-0.15000000000000002,17,stop,-0.15600000000000003,-0.012622676889292417,-0.1433773231107076
3042,292,542,2020-03-24,2021-04-01,28.551596935610643,75.50685107713271,8.675841089708245,1.644575406672181,250,time,1.638575406672181,0.9652971392452665,0.6732782674269144
3051,1465,1493,2025-01-13,2025-03-04,30.932581520918124,26.292694292780403,8.072420855357185,-0.15000000000000002,28,stop,-0.15600000000000003,0.08550218125293152,-0.24150218125293155
3056,924,1174,2022-10-19,2023-11-02,12.045615560699234,16.67167529738958,8.246405127666238,0.38404510864381325,250,time,0.37804510864381324,0.3561838915439246,0.02186121709988864
3059,820,848,2022-05-23,2022-07-01,34.43475251210939,29.269539635292983,8.043423100967775,-0.15000000000000002,28,stop,-0.15600000000000003,-0.10937797083193435,-0.04662202916806568
3062,1487,1507,2025-02-21,2025-03-24,32.0,27.2,8.177431919072399,-0.15000000000000002,20,stop,-0.15600000000000003,-0.04489109531175117,-0.11110890468824886
3090,1509,1516,2025-03-26,2025-04-08,66.87580142205783,56.84443120874916,8.074767429592132,-0.15000000000000002,7,stop,-0.15600000000000003,-0.20420773010380266,0.04820773010380264
3257,556,568,2021-04-23,2021-05-12,58.46720132737441,49.69712112826825,8.624883696537001,-0.15000000000000002,12,stop,-0.15600000000000003,-0.11427384887892955,-0.041726151121070476
3257,1256,1284,2024-03-08,2024-04-19,63.399011273415184,53.889159582402904,8.04130929445061,-0.15000000000000002,28,stop,-0.15600000000000003,0.03312647790499246,-0.18912647790499248
3257,1608,1836,2025-08-18,2026-07-29,57.69185840707966,49.03807964601771,8.186480655896077,-0.15000000000000002,228,stop,-0.15600000000000003,0.21377744444103963,-0.36977744444103966
3312,1498,1512,2025-03-11,2025-03-31,54.48203498898084,46.30972974063371,8.227711677136794,-0.15000000000000002,14,stop,-0.15600000000000003,-0.08064626160692989,-0.07535373839307014
3338,297,393,2020-03-31,2020-08-19,71.8117334065561,61.03997339557269,8.57020162567364,-0.15000000000000002,96,stop,-0.15600000000000003,0.41980305583847866,-0.5758030558384787
3380,377,627,2020-07-28,2021-08-04,19.394747167531932,23.18559405981585,8.510827288832246,0.1954574019211779,250,time,0.18945740192117788,0.5742786836351139,-0.38482128171393604
3406,260,284,2020-02-06,2020-03-12,440.70875876929625,374.6024449539018,8.203464828659303,-0.15000000000000002,24,stop,-0.15600000000000003,-0.11800797921444317,-0.03799202078555686
3406,1351,1357,2024-07-29,2024-08-06,494.31977559607293,420.17180925666196,8.185238148975055,-0.15000000000000002,6,stop,-0.15600000000000003,-0.10003335949366776,-0.055966640506332266
3406,1363,1410,2024-08-14,2024-10-24,505.5119214586255,429.68513323983166,8.000558315779102,-0.15000000000000002,47,stop,-0.15600000000000003,0.021835836545381015,-0.17783583654538104
3515,292,542,2020-03-24,2021-04-01,66.94301983246231,119.75533821795456,8.253880085345095,0.7889144905273942,250,time,0.7829144905273941,0.9652971392452665,-0.18238264871787235
3515,765,772,2022-03-02,2022-03-11,181.3678464709717,154.16266950032593,8.020341716303921,-0.15000000000000002,7,stop,-0.15600000000000003,-0.02981866027023239,-0.12618133972976764
3515,1152,1165,2023-09-28,2023-10-20,196.90589144699544,167.3700077299461,8.139258522873591,-0.15000000000000002,13,stop,-0.15600000000000003,-0.025275825236299343,-0.13072417476370068
3515,1439,1501,2024-12-05,2025-03-14,226.99322430380414,192.94424065823353,8.206799641769669,-0.15000000000000002,62,stop,-0.15600000000000003,-0.01879290588898408,-0.13720709411101595
3515,1588,1714,2025-07-21,2026-01-21,249.67256410256414,212.2216794871795,8.025319144503877,-0.15000000000000002,126,stop,-0.15600000000000003,0.18365485101981993,-0.33965485101981996
3528,1672,1860,2025-11-20,2026-09-01,64.41618705035971,84.0,8.104336010990034,0.30402005841062785,188,eod,0.29802005841062784,0.4313279358558786,-0.13330787744525074
3535,554,562,2021-04-21,2021-05-04,18.64613173274277,15.849211972831354,8.107737037732482,-0.15000000000000002,8,stop,-0.15600000000000003,-0.055221245299817645,-0.10077875470018238
3535,926,966,2022-10-21,2022-12-16,24.59733848010539,20.90773770808958,8.260609283905746,-0.15000000000000002,40,stop,-0.15600000000000003,0.1463345064453685,-0.3023345064453685
3535,1676,1860,2025-11-26,2026-09-01,73.7,88.7,8.039644873744026,0.20352781546811394,184,eod,0.19752781546811393,0.40988116079277814,-0.2123533453246642
3545,290,540,2020-03-20,2021-03-30,20.022138626877577,133.6269812648366,8.287809803869338,5.67396144612927,250,time,5.6679614461292696,0.9802994247990475,4.6876620213302225
3545,1423,1464,2024-11-13,2025-01-10,83.37660442777663,70.87011376361014,8.0034837053606,-0.15000000000000002,41,stop,-0.15600000000000003,-0.03882247075467604,-0.11717752924532399
3563,1437,1465,2024-12-03,2025-01-13,352.9722192841553,300.026386391532,8.053761473566903,-0.15000000000000002,28,stop,-0.15600000000000003,-0.06848878479476772,-0.0875112152052323
3583,537,568,2021-03-25,2021-05-12,60.04035672629214,51.03430321734832,8.016938190005366,-0.15000000000000002,31,stop,-0.15600000000000003,-0.016272082455421,-0.13972791754457903
3583,817,848,2022-05-18,2022-07-01,77.90933723723626,66.22293665165081,8.206879493579905,-0.15000000000000013,31,stop,-0.15600000000000014,-0.10986522336783144,-0.046134776632168695
3583,855,1105,2022-07-12,2023-07-24,65.05583827190364,183.7561303678148,8.085043287105124,1.8245909244885636,250,time,1.8185909244885636,0.37907309475645956,1.439517829732104
3588,438,688,2020-10-26,2021-11-02,29.27583607723653,113.9610412335681,8.167031023907345,2.892665641825296,250,time,2.8866656418252963,0.3466438777797587,2.5400217640455374
3596,1012,1262,2023-03-07,2024-03-18,91.24486393047414,167.83915810253234,8.094274669781113,0.8394367734541284,250,time,0.8334367734541284,0.2483860369491473,0.5850507365049811
3596,1285,1348,2024-04-22,2024-07-22,153.37782072032982,130.37114761228034,8.416390347975245,-0.15000000000000002,63,stop,-0.15600000000000003,0.12472716836965936,-0.2807271683696594
3622,563,569,2021-05-05,2021-05-13,29.58798135731123,25.149784153714545,8.115075841485245,-0.1499999999999999,6,stop,-0.15599999999999992,-0.08695510494646486,-0.06904489505353506
3622,572,822,2021-05-18,2022-05-25,23.999140434263552,25.70120713172905,8.005480454106282,0.07092198581560272,250,time,0.06492198581560271,0.09220521589880226,-0.02728323008319955
3645,485,507,2020-12-30,2021-02-01,48.44487242513058,41.178141561360995,8.06193803626175,-0.15000000000000002,22,stop,-0.15600000000000003,-0.05014038487569483,-0.1058596151243052
3645,522,568,2021-03-04,2021-05-12,45.610803105927324,38.769182640038224,8.213128523446501,-0.15000000000000002,46,stop,-0.15600000000000003,0.030595519679743388,-0.18659551967974342
3653,738,769,2022-01-12,2022-03-08,328.64432903155847,279.34767967682467,8.242660178632796,-0.15000000000000013,31,stop,-0.15600000000000014,-0.0648372608794694,-0.09116273912053074
3653,796,803,2022-04-18,2022-04-27,322.2504704900885,273.9128999165752,8.189668288367978,-0.15000000000000002,7,stop,-0.15600000000000003,-0.04020718276898294,-0.11579281723101709
3653,815,823,2022-05-16,2022-05-26,325.66052837887247,276.8114491220416,8.030852265250386,-0.15000000000000002,8,stop,-0.15600000000000003,0.016868299623634675,-0.1728682996236347
3669,503,634,2021-01-26,2021-08-13,60.75027407512813,51.63773296385891,8.028670460174487,-0.15000000000000002,131,stop,-0.15600000000000003,0.22195308935149138,-0.3779530893514914
3679,500,652,2021-01-21,2021-09-08,63.08740501498072,53.624294262733606,8.087113686032655,-0.15000000000000002,152,stop,-0.15600000000000003,0.22010029608990878,-0.3761002960899088
3703,574,824,2021-05-20,2022-05-27,17.07131195781411,22.52089955882973,8.896121363541408,0.31922488526262094,250,time,0.31322488526262093,0.09939683736966698,0.21382804789295395
3703,1362,1407,2024-08-13,2024-10-21,30.442633637548894,25.87623859191656,8.318544560475207,-0.15000000000000002,45,stop,-0.15600000000000003,0.03833232328569025,-0.19433232328569028
3706,1418,1668,2024-11-06,2025-11-14,42.84,94.7,8.176065231158475,1.210550887021475,250,time,1.204550887021475,0.0031536713494344504,1.2013972156720405
3711,571,821,2021-05-17,2022-05-24,77.07017734972659,77.45453649117844,8.04542712520899,0.0049871319188448116,250,time,-0.0010128680811551886,0.14930445354715483,-0.15031732162831002
3712,735,746,2022-01-07,2022-01-24,29.876229110841972,25.394794744215677,8.059852351892433,-0.15000000000000002,11,stop,-0.15600000000000003,-0.040335303312168724,-0.1156646966878313
4164,1626,1663,2025-09-11,2025-11-07,46.68125,39.6790625,8.042052381268004,-0.1499999999999999,37,stop,-0.15599999999999992,0.0029517101104910015,-0.15895171011049092
4438,260,287,2020-02-06,2020-03-17,103.84610616366813,88.2691902391179,8.29363822460592,-0.15000000000000002,27,stop,-0.15600000000000003,-0.22341182466765042,0.06741182466765039
4438,952,1202,2022-11-28,2023-12-12,100.65469013355853,101.75330414352095,8.014303640302796,0.010914682748560223,250,time,0.004914682748560223,0.3372871930136827,-0.3323725102651225
4532,428,678,2020-10-12,2021-10-19,14.553456905570297,14.247117036769906,8.185044244103448,-0.02104928545761109,250,time,-0.027049285457611087,0.33325925297859604,-0.36030853843620714
4532,1211,1461,2023-12-25,2025-01-07,18.258968967495885,21.653586917799565,8.00435785243026,0.18591509500600423,250,time,0.17991509500600422,0.14044854325896372,0.0394665517470405
4536,569,653,2021-05-13,2021-09-09,110.72423283713836,94.1155979115676,8.299263950115739,-0.15000000000000002,84,stop,-0.15600000000000003,0.1296359788291226,-0.2856359788291226
4551,1433,1462,2024-11-27,2025-01-08,115.28610093457945,97.99318579439253,8.06581382781556,-0.15000000000000002,29,stop,-0.15600000000000003,-0.0016633144685063161,-0.1543366855314937
4572,930,1180,2022-10-27,2023-11-10,89.51339615272283,133.64645434985584,8.163880517656938,0.4930329994611713,250,time,0.4870329994611713,0.3760484609252279,0.11098453853594337
4739,1657,1860,2025-10-30,2026-09-01,64.04194078947368,85.7,8.076607669941822,0.3381855537720706,203,eod,0.3321855537720706,0.38085835222160647,-0.04867279844953587
4746,1636,1724,2025-09-25,2026-02-04,62.04322820037107,52.73674397031541,8.07398729227052,-0.15000000000000002,88,stop,-0.15600000000000003,0.08350876030353138,-0.2395087603035314
4915,914,1164,2022-10-04,2023-10-19,49.253625664345535,59.88921236232123,8.224843771374198,0.21593510233044122,250,time,0.20993510233044121,0.288338016988823,-0.07840291465838178
4919,670,857,2021-10-06,2022-07-14,112.92284826376402,95.98442102419942,8.107694331912441,-0.15000000000000002,187,stop,-0.15600000000000003,-0.061354503647005454,-0.09464549635299457
4930,556,568,2021-04-23,2021-05-12,19.44705770416809,16.529999048542873,8.311225315914372,-0.15000000000000013,12,stop,-0.15600000000000014,-0.11427384887892955,-0.04172615112107059
4956,414,664,2020-09-17,2021-09-28,18.703352769679302,23.635568513119534,8.060436060754531,0.26370757180156645,250,time,0.25770757180156645,0.3316842685494319,-0.07397669674786544
4961,574,650,2021-05-20,2021-09-06,175.71835110076887,149.36059843565354,8.35179864064894,-0.15000000000000002,76,stop,-0.15600000000000003,0.13599486678985162,-0.29199486678985165
4968,350,600,2020-06-17,2021-06-28,117.29786015917621,353.105676064611,8.04339079670153,2.010333484220748,250,time,2.0043334842207483,0.5582806749552205,1.4460528092655278
4989,654,674,2021-09-10,2021-10-13,39.14799745305529,33.275797835096995,8.174091516094606,-0.15000000000000002,20,stop,-0.15600000000000003,-0.06064589356855954,-0.09535410643144049
4989,683,806,2021-10-26,2022-05-03,35.494184357436794,30.170056703821274,8.016184632194705,-0.15000000000000002,123,stop,-0.15600000000000003,-0.006167211813656648,-0.14983278818634338
5203,1669,1720,2025-11-17,2026-01-29,94.84878419452889,80.62146656534955,8.306087951608419,-0.15000000000000002,51,stop,-0.15600000000000003,0.11616523554258884,-0.27216523554258887
5222,1125,1357,2023-08-22,2024-08-06,112.90294631835133,95.96750437059862,8.005900596118636,-0.15000000000000002,232,stop,-0.15600000000000003,0.16421944193657256,-0.3202194419365726
5258,809,1059,2022-05-06,2023-05-17,29.239818923634413,75.98842047505346,8.55635145802349,1.5987992837271765,250,time,1.5927992837271765,0.09252136551736267,1.5002779182098138
5269,1499,1515,2025-03-12,2025-04-07,1845.330684108771,1568.5310814924553,8.011976478039555,-0.15000000000000002,16,stop,-0.15600000000000003,-0.14994217493536854,-0.0060578250646314835
5388,1028,1278,2023-03-29,2024-04-11,78.11956746590292,125.28059088500267,8.022094821161355,0.6037030791252687,250,time,0.5977030791252687,0.32149845228980434,0.2762046268354643
5434,1357,1517,2024-08-06,2025-04-09,231.44306586468528,196.72660598498248,8.413269179682182,-0.15000000000000002,160,stop,-0.15600000000000003,-0.21026230897075848,0.054262308970758455
5471,385,635,2020-08-07,2021-08-16,42.70503021797701,70.72796365593386,8.170308877155934,0.6561974852826677,250,time,0.6501974852826677,0.35865757040685,0.29153991487581776
5515,1347,1597,2024-07-19,2025-08-01,20.099446582298565,23.198555956678703,8.045032270087974,0.15418879130281637,250,time,0.14818879130281637,-0.10193925895214884,0.2501280502549652
5519,590,840,2021-06-11,2022-06-21,12.686488757828744,13.78966169329211,8.025190311442241,0.08695652173913015,250,time,0.08095652173913015,-0.03783007778102099,0.11878659952015114
5522,507,757,2021-02-01,2022-02-17,33.230674418786045,45.65523385104587,8.509884348704654,0.3738882718924279,250,time,0.3678882718924279,0.33064879752042287,0.03723947437200503
5522,1364,1390,2024-08-15,2024-09-23,71.71432415321307,60.957175530231105,8.020609370327252,-0.15000000000000002,26,stop,-0.15600000000000003,0.02327767263599778,-0.1792776726359978
5522,1395,1516,2024-09-30,2025-04-08,62.47505539727764,53.103797087686,8.45186907377104,-0.15000000000000002,121,stop,-0.15600000000000003,-0.23419927658847972,0.0781992765884797
5534,1506,1516,2025-03-21,2025-04-08,85.34839343022225,72.54613441568891,8.176061337384274,-0.15000000000000002,10,stop,-0.15600000000000003,-0.20853615554000848,0.052536155540008456
5608,756,839,2022-02-16,2022-06-20,34.8470602052334,29.620001174448387,8.05923044678037,-0.15000000000000002,83,stop,-0.15600000000000003,-0.1422789571621168,-0.013721042837883224
5706,1468,1516,2025-01-16,2025-04-08,50.991885181481074,43.343102404258914,8.036102919545606,-0.1499999999999999,48,stop,-0.15599999999999992,-0.17464358062296026,0.018643580622960343
6112,1655,1722,2025-10-28,2026-02-02,49.553264604811005,42.12027491408935,8.047272898484872,-0.15000000000000013,67,stop,-0.15600000000000014,0.04567501711785349,-0.20167501711785363
6116,1618,1860,2025-09-01,2026-09-01,7.58,14.3,8.28454767904629,0.8865435356200528,242,eod,0.8805435356200528,0.40947725461998963,0.4710662810000632
6139,1292,1300,2024-05-02,2024-05-14,249.76022015090177,212.2961871282665,8.062055150498551,-0.15000000000000002,8,stop,-0.15600000000000003,-0.0037799816916850304,-0.152220018308315
6139,1399,1516,2024-10-08,2025-04-08,224.26485829959518,190.6251295546559,8.269651675910533,-0.15000000000000002,117,stop,-0.15600000000000003,-0.2287253339749561,0.07272533397495606
6177,1666,1860,2025-11-12,2026-09-01,43.6646694214876,47.55,8.10095748207836,0.08898110600604725,194,eod,0.08298110600604724,0.3881325808095122,-0.30515147480346494
6189,1361,1465,2024-08-12,2025-01-13,65.87478665908122,55.99356866021904,8.065402562292485,-0.15000000000000002,104,stop,-0.15600000000000003,-0.05764798691952022,-0.0983520130804798
6197,1379,1464,2024-09-05,2025-01-10,149.441572327044,127.02533647798741,8.036678894576648,-0.15000000000000002,85,stop,-0.15600000000000003,-0.03554975326253118,-0.12045024673746885
6205,1349,1357,2024-07-23,2024-08-06,67.63749431282251,57.49187016589913,8.673616388235436,-0.15000000000000002,8,stop,-0.15600000000000003,-0.12709158216898375,-0.028908417831016275
6213,296,546,2020-03-30,2021-04-09,100.55693701352713,116.24926678398256,8.15383401608502,0.1560541742470185,250,time,0.1500541742470185,0.906391092023987,-0.7563369177769685
6213,1580,1830,2025-07-09,2026-07-21,86.37416666666667,334.0,8.18136254000877,2.866896930988239,250,time,2.8608969309882393,0.4801965073690926,2.380700423619147
6214,1622,1860,2025-09-05,2026-09-01,114.41489361702128,182.5,8.071935085787079,0.5950720595072059,238,eod,0.5890720595072059,0.387671014030055,0.20140104547715088
6216,1285,1535,2024-04-22,2025-05-06,28.733170253061363,28.608920609824953,8.041953953927015,-0.0043242580662734564,250,time,-0.010324258066273457,-0.05019060130845898,0.03986634324218553
6230,435,474,2020-10-21,2020-12-15,241.4570634919482,205.23850396815595,8.442056728801889,-0.15000000000000002,39,stop,-0.15600000000000003,0.06449003863336467,-0.2204900386333647
6239,1285,1356,2024-04-22,2024-08-05,153.77123367258864,130.70554862170033,8.043018404148686,-0.15000000000000002,71,stop,-0.15600000000000003,0.01040893707716406,-0.1664089370771641
6243,1123,1373,2023-08-18,2024-08-28,42.14212633036218,47.89449541284404,8.129029923046078,0.13649926055908201,250,time,0.130499260559082,0.31455612031790436,-0.18405685975882236
6282,864,1114,2022-07-25,2023-08-07,27.96098896795202,49.89449113598834,8.083422028768373,0.7844322743081724,250,time,0.7784322743081724,0.2759472325444381,0.5024850417637343
6414,814,1064,2022-05-13,2023-05-24,160.87507170217236,241.6285651408896,8.206705120682217,0.5019639934533549,250,time,0.49596399345335485,0.17359762969778125,0.3223663637555736
6416,378,491,2020-07-29,2021-01-08,118.30915983587461,100.56278586049342,8.243732910813213,-0.15000000000000002,113,stop,-0.15600000000000003,0.227359936359796,-0.38335993635979604
6426,1590,1840,2025-07-23,2026-08-04,74.50916230366492,161.5,8.947826189802477,1.1675186649099691,250,time,1.1615186649099691,0.39741378382513326,0.7641048810848359
6442,1466,1493,2025-01-14,2025-03-04,530.0167671708334,450.5142520952084,8.884386613159638,-0.15000000000000002,27,stop,-0.15600000000000003,0.06942656702997274,-0.22542656702997277
6491,501,751,2021-01-22,2022-02-09,204.96236112340452,363.4533679315465,8.116839111459202,0.7732688379439439,250,time,0.7672688379439438,0.30132621699336815,0.4659426209505757
6491,786,792,2022-03-31,2022-04-12,447.39378862049887,380.28472032742405,8.037012443298323,-0.1499999999999999,6,stop,-0.15599999999999992,-0.03236570706069786,-0.12363429293930206
6491,1015,1056,2023-03-10,2023-05-12,373.56497172363794,317.53022596509226,8.05513677196012,-0.15000000000000002,41,stop,-0.15600000000000003,0.023095956743621082,-0.1790959567436211
6505,702,897,2021-11-22,2022-09-08,86.40409844266186,73.44348367626259,8.133777112778812,-0.1499999999999999,195,stop,-0.15599999999999992,-0.105828132193727,-0.05017186780627292
6515,749,811,2022-02-07,2022-05-10,343.67392941919104,292.1228400063124,8.052564729936323,-0.1499999999999999,62,stop,-0.15599999999999992,-0.07455342784982844,-0.08144657215017148
6515,873,926,2022-08-05,2022-10-21,371.26948960444076,315.57906616377466,8.047123344488059,-0.15000000000000002,53,stop,-0.15600000000000003,-0.1020510028734164,-0.05394899712658363
6515,1357,1517,2024-08-06,2025-04-09,876.2785039551495,744.836728361877,8.10493946716235,-0.15000000000000013,160,stop,-0.15600000000000014,-0.21026230897075848,0.054262308970758344
6526,1457,1511,2024-12-31,2025-03-28,666.7397214360196,566.7287632206167,8.072714587300025,-0.15000000000000002,54,stop,-0.15600000000000003,-0.02880155632042891,-0.12719844367957112
6533,632,637,2021-08-11,2021-08-18,494.82053252120903,420.5974526430277,8.004628819122988,-0.15000000000000002,5,stop,-0.15600000000000003,-0.022510487749479724,-0.1334895122505203
6533,643,663,2021-08-26,2021-09-27,491.89260037611314,418.1087103196962,8.054446023207285,-0.15000000000000002,20,stop,-0.15600000000000003,0.0004653608616482785,-0.1564653608616483
6533,937,1187,2022-11-07,2023-11-21,406.7759094522726,460.9503678929765,8.20392843546938,0.1331801052664361,250,time,0.12718010526643608,0.3842399018188005,-0.25705979655236444
6533,1419,1511,2024-11-07,2025-03-28,407.04093645484943,345.98479598662203,8.710907920225138,-0.1499999999999999,92,stop,-0.15599999999999992,-0.06777051792140176,-0.08822948207859815
6533,1641,1667,2025-10-03,2025-11-13,298.7274916387959,253.91836789297653,8.041760173847525,-0.15000000000000002,26,stop,-0.15600000000000003,0.009328870231910091,-0.16532887023191012
6581,908,1158,2022-09-26,2023-10-11,73.46192212401684,76.38399589099096,8.125907845895322,0.039776712649052914,250,time,0.033776712649052916,0.3257172133472568,-0.2919405006982039
6582,451,459,2020-11-12,2020-11-24,139.84796896143928,118.87077361722338,8.105083029338651,-0.15000000000000002,8,stop,-0.15600000000000003,0.03654000662583945,-0.19254000662583948
6582,599,607,2021-06-25,2021-07-07,244.92292942435853,208.18449001070474,8.354776329551674,-0.15000000000000002,8,stop,-0.15600000000000003,0.028833315967450535,-0.18483331596745056
6585,1286,1357,2024-04-23,2024-08-06,162.8007857670387,138.3806679019829,8.22469507989909,-0.15000000000000002,71,stop,-0.15600000000000003,-0.014968146434270024,-0.14103185356573
6625,1644,1860,2025-10-09,2026-09-01,78.28970588235295,75.9,8.485539919419708,-0.030523883765050663,216,eod,-0.03652388376505066,0.3799120947652679,-0.41643597853031855
6668,1609,1645,2025-08-19,2025-10-13,48.0,40.8,8.079360134697355,-0.15000000000000002,36,stop,-0.15600000000000003,0.01911976797250481,-0.17511976797250484
6691,1499,1516,2025-03-12,2025-04-08,308.9295157635602,262.5900883990261,8.007956088361412,-0.15000000000000013,17,stop,-0.15600000000000014,-0.20481295037048985,0.048812950370489716
6719,1643,1736,2025-10-08,2026-03-04,201.16376146788988,170.9891972477064,8.760487484014511,-0.15000000000000002,93,stop,-0.15600000000000003,0.051845161620487135,-0.20784516162048716
6743,1326,1420,2024-06-20,2024-11-08,50.97422287362594,43.32808944258205,8.681058693667428,-0.15000000000000002,94,stop,-0.15600000000000003,-0.028517270885084156,-0.12748272911491587
6753,1496,1498,2025-03-07,2025-03-11,117.4819587628866,99.85966494845361,8.391322007261154,-0.15000000000000002,2,stop,-0.15600000000000003,-0.01495034347542712,-0.1410496565245729
6757,1516,1734,2025-04-08,2026-03-02,70.41889139881046,59.85605768898889,8.38710636213025,-0.15000000000000002,218,stop,-0.15600000000000003,0.4678141685397972,-0.6238141685397972
6782,1290,1356,2024-04-29,2024-08-05,239.30507170689674,203.40931095086222,8.142204718426697,-0.15000000000000002,66,stop,-0.15600000000000003,-0.039866813332526285,-0.11613318666747374
6782,1578,1828,2025-07-07,2026-07-17,163.47728257747073,187.53521850899745,8.307479547320389,0.14716378662659646,250,time,0.14116378662659645,0.4703997464161307,-0.32923595978953424
6805,1451,1464,2024-12-23,2025-01-10,837.6660052910054,712.0161044973546,8.507952305571372,-0.1499999999999999,13,stop,-0.15599999999999992,-0.026712704042409663,-0.12928729595759025
6805,1621,1860,2025-09-04,2026-09-01,982.1319444444445,2285.0,8.226119231734828,1.326571305337736,239,eod,1.320571305337736,0.3983451810749792,0.9222261242627567
6830,1581,1831,2025-07-10,2026-07-22,121.81570996978853,362.5,8.141543256859261,1.975806651620743,250,time,1.969806651620743,0.49965617855332,1.470150473067423
6873,1461,1465,2025-01-07,2025-01-13,183.50278731152363,155.9773692147951,8.19247711508548,-0.15000000000000002,4,stop,-0.15600000000000003,-0.052901881207857215,-0.10309811879214281
6873,1468,1623,2025-01-16,2025-09-08,156.81893680761078,133.29609628646915,8.00216164140995,-0.15000000000000013,155,stop,-0.15600000000000014,0.07842544402986018,-0.23442544402986032
8016,639,650,2021-08-20,2021-09-06,205.05970822403845,174.30075199043267,8.026084120932207,-0.15000000000000002,11,stop,-0.15600000000000003,0.04794298900855254,-0.20394298900855257
8016,1591,1841,2025-07-24,2026-08-05,193.4956822107081,289.5,8.143769727830428,0.49615741649856293,250,time,0.4901574164985629,0.4195899800084453,0.07056743649011765
8028,1427,1516,2024-11-19,2025-04-08,123.02049991109533,104.56742492443102,8.060932634254712,-0.15000000000000002,89,stop,-0.15600000000000003,-0.20593011320793875,0.04993011320793872
8039,286,289,2020-03-16,2020-03-19,31.452713492812563,26.734806468890678,8.033938820388848,-0.15000000000000002,3,stop,-0.15600000000000003,-0.1325745131324766,-0.023425486867523437
8046,288,291,2020-03-18,2020-03-23,39.37463576226218,33.468440397922855,9.099851917121537,-0.1499999999999999,3,stop,-0.15599999999999992,-0.05283617227958992,-0.10316382772041
8046,294,544,2020-03-26,2021-04-07,38.09068024827537,305.4403828902535,9.006686111158878,7.018769444373021,250,time,7.012769444373021,0.9020193771157732,6.110750067257247
8046,622,837,2021-07-28,2022-06-16,325.2853795187163,276.4925725909088,8.258804614041516,-0.15000000000000013,215,stop,-0.15600000000000014,-0.07746120159002867,-0.07853879840997147
8070,709,959,2021-12-01,2022-12-07,25.240278240099986,24.980579375933868,8.042480502852621,-0.010289065029145616,250,time,-0.016289065029145615,-0.10050333390870092,0.0842142688795553
8070,1591,1841,2025-07-24,2026-08-05,39.470454698876516,47.6,8.074061554334557,0.2059653318702428,250,time,0.1999653318702428,0.4195899800084453,-0.21962464813820248
8105,627,636,2021-08-04,2021-08-17,13.32667656850192,11.327675083226632,8.165713263876766,-0.15000000000000002,9,stop,-0.15600000000000003,-0.09751697150728766,-0.05848302849271236
8110,799,811,2022-04-21,2022-05-10,14.776501628656877,12.560026384358345,8.01045366081405,-0.15000000000000002,12,stop,-0.15600000000000003,-0.0769169675398007,-0.07908303246019932
8112,1374,1434,2024-08-29,2024-11-28,64.35463055032291,54.70143596777447,8.033915718882824,-0.15000000000000002,60,stop,-0.15600000000000003,-0.05764146047661434,-0.09835853952338569
8114,1555,1589,2025-06-04,2025-07-22,284.336260971223,241.68582182553953,8.466671114745424,-0.15000000000000002,34,stop,-0.15600000000000003,0.013284463685594439,-0.16928446368559447
8210,416,501,2020-09-21,2021-01-22,77.77751985771968,66.11089187906173,8.339234462673653,-0.15000000000000002,85,stop,-0.15600000000000003,0.08858118738212184,-0.24458118738212187
8210,1413,1465,2024-10-29,2025-01-13,278.7754679618905,236.95914776760694,8.253370452582558,-0.15000000000000002,52,stop,-0.15600000000000003,-0.07320048478593166,-0.08279951521406836
8222,1463,1713,2025-01-09,2026-01-20,37.91575273571555,43.78164481525626,8.159877184033304,0.15470857509879288,250,time,0.14870857509879287,0.17170873202034453,-0.023000156921551662
8462,391,497,2020-08-17,2021-01-18,141.89540212232754,120.61109180397841,8.041303437966796,-0.15000000000000002,106,stop,-0.15600000000000003,0.12630795347424684,-0.28230795347424686
8473,1673,1860,2025-11-21,2026-09-01,35.3,46.3,8.121717097151162,0.3116147308781869,187,eod,0.3056147308781869,0.46722736702138823,-0.16161263614320132
8478,803,1053,2022-04-27,2023-05-09,125.71291052668839,468.9396240932317,8.019118939918185,2.730242360379347,250,time,2.724242360379347,0.09093383006513411,2.633308530314213
8478,1647,1729,2025-10-15,2026-02-11,196.6831683168317,167.18069306930695,8.011769055140268,-0.15000000000000002,82,stop,-0.15600000000000003,0.08007448116138449,-0.23607448116138452
8926,1357,1607,2024-08-06,2025-08-15,37.39159740467346,43.45100995269151,8.605382847628903,0.1620527864172152,250,time,0.1560527864172152,0.0872545032998362,0.06879828311737901
8996,507,568,2021-02-01,2021-05-12,49.15426458625399,41.78112489831589,8.086255302708416,-0.15000000000000002,61,stop,-0.15600000000000003,0.1253736353282051,-0.28137363532820514
8996,1113,1141,2023-08-04,2023-09-13,309.74455151305483,263.28286878609657,8.003141077995954,-0.15000000000000013,28,stop,-0.15600000000000014,-0.003346263218417911,-0.15265373678158223
9906,1427,1514,2024-11-19,2025-04-02,107.12056737588654,91.05248226950356,8.10664090671316,-0.15000000000000002,87,stop,-0.15600000000000003,-0.05908909636961468,-0.09691090363038535
9914,566,673,2021-05-10,2021-10-12,256.7500522607804,218.23754442166336,8.491469616403238,-0.15000000000000002,107,stop,-0.15600000000000003,-0.042106713797019246,-0.11389328620298078
9921,417,667,2020-09-22,2021-10-01,233.67915752875243,274.046382957196,8.50751403492609,0.17274636666505727,250,time,0.16674636666505727,0.2959905471316855,-0.12924418046662822
9935,413,472,2020-09-16,2020-12-11,25.294044773920124,21.499938057832104,8.026837376460017,-0.15000000000000002,59,stop,-0.15600000000000003,0.07396687494275223,-0.22996687494275225
9938,1340,1517,2024-07-10,2025-04-09,52.45841146582556,44.589649745951725,8.283359870249603,-0.15000000000000002,177,stop,-0.15600000000000003,-0.3269616532972147,0.1709616532972147
9955,1636,1825,2025-09-25,2026-07-14,29.428927789934352,25.014588621444197,8.369110102577457,-0.15000000000000013,189,stop,-0.15600000000000014,0.35391037116106383,-0.509910371161064
9958,297,547,2020-03-31,2021-04-12,63.1112294638354,93.52292938076022,8.265568842391037,0.4818746231897071,250,time,0.4758746231897071,0.9085033013148152,-0.4326286781251081
9958,1262,1286,2024-03-18,2024-04-23,205.68140710471502,174.82919603900777,8.312188392920655,-0.15000000000000002,24,stop,-0.15600000000000003,0.019384764474971616,-0.17538476447497164
