stop_atr,rr,trades,win_rate_pct,profit_factor,total_return_pct,max_dd_pct,avg_win_pct,avg_loss_pct,skipped_limit_up
1.0,1.0,234,50.0,0.722,-21.04,20.44,0.51,-0.71,0
1.0,1.5,231,38.1,0.702,-26.81,27.29,0.81,-0.71,0
1.0,2.0,229,31.88,0.71,-28.53,27.86,1.09,-0.72,0
1.0,2.5,222,27.03,0.714,-29.12,28.89,1.38,-0.72,0
1.0,3.0,216,22.69,0.708,-30.24,29.69,1.72,-0.71,0
1.5,1.0,213,55.4,0.998,-1.2,18.98,0.81,-1.01,0
1.5,1.5,197,45.18,1.054,4.56,17.13,1.29,-1.01,0
1.5,2.0,188,36.7,0.996,-2.31,20.89,1.74,-1.02,0
1.5,2.5,184,30.43,0.99,-3.52,20.58,2.28,-1.01,0
1.5,3.0,178,27.53,0.992,-3.68,18.91,2.68,-1.03,0
2.0,1.0,192,56.25,1.09,8.8,14.46,1.12,-1.32,0
2.0,1.5,175,44.57,1.068,6.66,18.46,1.76,-1.33,0
2.0,2.0,169,39.05,1.189,25.14,13.97,2.44,-1.32,0
2.0,2.5,157,36.31,1.31,45.33,13.02,3.07,-1.34,0
2.0,3.0,147,31.97,1.281,39.49,12.21,3.67,-1.35,0
2.5,1.0,178,53.37,1.015,-0.32,28.82,1.45,-1.63,0
2.5,1.5,161,42.86,1.075,8.05,22.74,2.3,-1.61,0
2.5,2.0,149,39.6,1.269,41.44,21.38,3.13,-1.62,0
2.5,2.5,140,33.57,1.211,30.65,23.59,3.92,-1.64,0
2.5,3.0,131,30.53,1.212,29.39,23.63,4.51,-1.63,0
3.0,1.0,165,51.52,0.964,-8.38,29.87,1.76,-1.94,0
3.0,1.5,150,43.33,1.09,10.75,25.62,2.77,-1.95,0
3.0,2.0,136,36.76,1.13,17.33,28.7,3.77,-1.94,0
3.0,2.5,127,32.28,1.111,12.81,26.26,4.53,-1.94,0
3.0,3.0,111,28.83,1.074,5.08,35.87,5.33,-2.01,0
4.0,1.0,147,52.38,1.056,4.96,24.81,2.43,-2.53,0
4.0,1.5,127,43.31,1.129,18.2,26.19,3.78,-2.56,0
4.0,2.0,110,33.64,0.96,-14.25,40.86,4.95,-2.62,0
4.0,2.5,92,30.43,0.974,-12.09,37.64,6.14,-2.76,0
4.0,3.0,90,25.56,0.918,-21.75,38.51,7.3,-2.73,0
